2026-04-12 15:48:50,694 - INFO - [BookIngestion] - ============================================================
2026-04-12 15:48:50,694 - INFO - [BookIngestion] - ============================================================
2026-04-12 15:48:50,694 - INFO - [BookIngestion] - Starting at: 2026-04-12 15:48:50.694992

2026-04-12 15:48:50,771 - INFO - [BookIngestion] - ============================================================
2026-04-12 15:57:03,949 - INFO - [BookIngestion] - ============================================================
2026-04-12 15:57:03,949 - INFO - [BookIngestion] - 🏪 DUSTY SHELF - ADVANCED BOOK INGESTION SYSTEM
2026-04-12 15:57:03,949 - INFO - [BookIngestion] - ============================================================
2026-04-12 15:57:03,949 - INFO - [BookIngestion] - Starting at: 2026-04-12 15:57:03.949475

2026-04-12 15:57:03,949 - INFO - [BookIngestion] - 1️⃣  Creating database tables...
2026-04-12 15:57:03,959 - INFO - [BookIngestion] - ✅ Tables created successfully

2026-04-12 15:57:03,959 - INFO - [BookIngestion] - 📚 Creating categories...
2026-04-12 15:57:03,963 - INFO - [BookIngestion] - ✅ Created/Updated 6 categories
2026-04-12 15:57:03,976 - INFO - [BookIngestion] - 
📊 Existing books in database: 128

2026-04-12 15:57:03,976 - INFO - [BookIngestion] - 📖 Starting book population from APIs...
2026-04-12 15:57:03,976 - INFO - [BookIngestion] - 
📚 Processing Undergraduate (target: 50 books)
2026-04-12 15:57:03,976 - INFO - [BookIngestion] - ============================================================
2026-04-12 15:57:03,976 - INFO - [BookIngestion] -   📖 Subcategory: C Programming
2026-04-12 15:57:03,980 - INFO - [BookIngestion] -     🔍 Searching for: The C Programming Language
2026-04-12 15:57:06,581 - INFO - [BookIngestion] - ✓ Found 6 books for query: The C Programming Language
2026-04-12 15:57:09,794 - INFO - [BookIngestion] -     ✓ Added: The C++ programming language by Bjarne Stroustrup
2026-04-12 15:57:13,475 - INFO - [BookIngestion] -     ✓ Added: The Taming of the Shrew by William Shakespeare
2026-04-12 15:57:16,902 - INFO - [BookIngestion] -     ✓ Added: The C♯ programming language by Anders Hejlsberg
2026-04-12 15:57:17,406 - INFO - [BookIngestion] -     🔍 Searching for: C How to Program
2026-04-12 15:57:19,279 - INFO - [BookIngestion] - ✓ Found 6 books for query: C How to Program
2026-04-12 15:57:22,716 - INFO - [BookIngestion] -     ✓ Added: C++ by Paul J. Deitel
2026-04-12 15:57:25,119 - INFO - [BookIngestion] -     ✓ Added: C how to program by Harvey M. Deitel
2026-04-12 15:57:27,108 - INFO - [BookIngestion] -     ✓ Added: C++ how to program by Harvey M. Deitel
2026-04-12 15:57:30,500 - INFO - [BookIngestion] -     ✓ Added: Small C++ How to Program by Harvey M. Deitel
2026-04-12 15:57:33,844 - INFO - [BookIngestion] -     ✓ Added: C How to Program & C by Unknown
2026-04-12 15:57:34,358 - INFO - [BookIngestion] -     🔍 Searching for: Mastering C
2026-04-12 15:57:35,816 - INFO - [BookIngestion] - ✓ Found 6 books for query: Mastering C
2026-04-12 15:57:39,609 - INFO - [BookIngestion] -     ✓ Added: The master key system in twenty-four parts with questionnaire and glossary by Charles F. Haanel
2026-04-12 15:57:42,210 - INFO - [BookIngestion] -     ✓ Added: Мастер и Маргарита by Михаил Афанасьевич Булгаков
2026-04-12 15:57:47,386 - INFO - [BookIngestion] -     ✓ Added: The A.B.C. Murders by Agatha Christie
2026-04-12 15:57:49,860 - INFO - [BookIngestion] -     ✓ Added: Engineering Mechanics, Statics by R. C. Hibbeler
2026-04-12 15:57:52,494 - INFO - [BookIngestion] -     ✓ Added: Where the Wild Things Are by Maurice Sendak
2026-04-12 15:57:56,476 - INFO - [BookIngestion] -     ✓ Added: The Book of Tea by Okakura Kakuzō
2026-04-12 15:57:56,977 - INFO - [BookIngestion] -     🔍 Searching for: Advanced C Programming
2026-04-12 15:57:57,783 - INFO - [BookIngestion] - ✓ Found 6 books for query: Advanced C Programming
2026-04-12 15:58:00,897 - INFO - [BookIngestion] -     ✓ Added: Advanced C programming by example by John W. Perry
2026-04-12 15:58:03,825 - INFO - [BookIngestion] -     ✓ Added: Advances in Computers, Volume 49 (Advances in Computers) by Marvin V. Zelkowitz
2026-04-12 15:58:07,262 - INFO - [BookIngestion] -     ✓ Added: Advanced C programming by John Thomas Berry
2026-04-12 15:58:11,143 - INFO - [BookIngestion] -     ✓ Added: Advanced C programming by Steve Oualline
2026-04-12 15:58:13,418 - INFO - [BookIngestion] -     ✓ Added: ADVANCED C++ PROGRAMMING by BradyGames
2026-04-12 15:58:17,566 - INFO - [BookIngestion] -     ✓ Added: Advanced C Programming by Waite Group
2026-04-12 15:58:18,074 - INFO - [BookIngestion] -   📖 Subcategory: Java
2026-04-12 15:58:18,074 - INFO - [BookIngestion] -     🔍 Searching for: Effective Java
2026-04-12 15:58:19,567 - INFO - [BookIngestion] - ✓ Found 6 books for query: Effective Java
2026-04-12 15:58:23,107 - INFO - [BookIngestion] -     ✓ Added: Effective Java by Stan Prata
2026-04-12 15:58:25,257 - INFO - [BookIngestion] -     ✓ Added: Effective Java by Erick Lucas
2026-04-12 15:58:27,525 - INFO - [BookIngestion] -     ✓ Added: Effective Java by Melvin Martin
2026-04-12 15:58:29,841 - INFO - [BookIngestion] -     ✓ Added: Effective Java by Bloch
2026-04-12 15:58:30,345 - INFO - [BookIngestion] -     🔍 Searching for: Head First Java
2026-04-12 15:58:31,476 - INFO - [BookIngestion] - ✓ Found 6 books for query: Head First Java
2026-04-12 15:58:33,449 - INFO - [BookIngestion] -     ✓ Added: Head First Java by Alisha Osborne
2026-04-12 15:58:37,626 - INFO - [BookIngestion] -     ✓ Added: Head First Java Script Programming by Eric Freeman
2026-04-12 15:58:40,288 - INFO - [BookIngestion] -     ✓ Added: Head First design patterns by Eric Freeman
2026-04-12 15:58:40,803 - INFO - [BookIngestion] -     🔍 Searching for: Java Complete Reference
2026-04-12 15:58:42,642 - INFO - [BookIngestion] - ✓ Found 6 books for query: Java Complete Reference
2026-04-12 15:58:45,750 - INFO - [BookIngestion] -     ✓ Added: Java by Herbert Schildt
2026-04-12 15:58:47,933 - INFO - [BookIngestion] -     ✓ Added: C++ by Herbert Schildt
2026-04-12 15:58:51,279 - INFO - [BookIngestion] -     ✓ Added: Core Java by Harry Chaudhary.
2026-04-12 15:58:54,675 - INFO - [BookIngestion] -     ✓ Added: Java by Harry Chaudhary.
2026-04-12 15:58:54,675 - ERROR - [BookIngestion] - Error checking if book exists: (raised as a result of Query-invoked autoflush; consider using a session.no_autoflush block if this flush is occurring prematurely)
(sqlite3.IntegrityError) UNIQUE constraint failed: books.isbn
[SQL: INSERT INTO books (title, author, isbn, description, category, subcategory, price, original_price, pages, year, publisher, language, edition, format, condition, image, rating, verified, in_stock, stock_quantity, created_at, updated_at) VALUES (?, ?, ?, ?, ?, ?, ?, ?, ?, ?, ?, ?, ?, ?, ?, ?, ?, ?, ?, ?, ?, ?)]
[parameters: ('Java', 'Harry Chaudhary.', '9781500865108', 'A comprehensive book on Java Complete Reference', 'UG', 'Java', 494.0, 591.35, 539, 2014, 'Unknown', 'English', '5s Edition', 'Hardcover', 'New', 'https://covers.openlibrary.org/b/isbn/9781500865108-M.jpg', 4.6, 1, 1, 9, '2026-04-12 10:28:54.675396', '2026-04-12 10:28:54.675396')]
(Background on this error at: https://sqlalche.me/e/20/gkpj)
2026-04-12 15:58:57,239 - INFO - [BookIngestion] -     ✓ Added: Java by Harry Chaudhary.
2026-04-12 15:58:57,239 - ERROR - [BookIngestion] - Error checking if book exists: This Session's transaction has been rolled back due to a previous exception during flush. To begin a new transaction with this Session, first issue Session.rollback(). Original exception was: (raised as a result of Query-invoked autoflush; consider using a session.no_autoflush block if this flush is occurring prematurely)
(sqlite3.IntegrityError) UNIQUE constraint failed: books.isbn
[SQL: INSERT INTO books (title, author, isbn, description, category, subcategory, price, original_price, pages, year, publisher, language, edition, format, condition, image, rating, verified, in_stock, stock_quantity, created_at, updated_at) VALUES (?, ?, ?, ?, ?, ?, ?, ?, ?, ?, ?, ?, ?, ?, ?, ?, ?, ?, ?, ?, ?, ?)]
[parameters: ('Java', 'Harry Chaudhary.', '9781500865108', 'A comprehensive book on Java Complete Reference', 'UG', 'Java', 494.0, 591.35, 539, 2014, 'Unknown', 'English', '5s Edition', 'Hardcover', 'New', 'https://covers.openlibrary.org/b/isbn/9781500865108-M.jpg', 4.6, 1, 1, 9, '2026-04-12 10:28:54.675396', '2026-04-12 10:28:54.675396')]
(Background on this error at: https://sqlalche.me/e/20/gkpj) (Background on this error at: https://sqlalche.me/e/20/7s2a)
2026-04-12 15:59:00,585 - INFO - [BookIngestion] -     ✓ Added: Java : the Complete Reference, Twelfth Edition by Herbert Schildt
2026-04-12 15:59:01,093 - INFO - [BookIngestion] -     🔍 Searching for: Clean Code
2026-04-12 15:59:01,942 - INFO - [BookIngestion] - ✓ Found 6 books for query: Clean Code
2026-04-12 15:59:01,942 - ERROR - [BookIngestion] - Error checking if book exists: This Session's transaction has been rolled back due to a previous exception during flush. To begin a new transaction with this Session, first issue Session.rollback(). Original exception was: (raised as a result of Query-invoked autoflush; consider using a session.no_autoflush block if this flush is occurring prematurely)
(sqlite3.IntegrityError) UNIQUE constraint failed: books.isbn
[SQL: INSERT INTO books (title, author, isbn, description, category, subcategory, price, original_price, pages, year, publisher, language, edition, format, condition, image, rating, verified, in_stock, stock_quantity, created_at, updated_at) VALUES (?, ?, ?, ?, ?, ?, ?, ?, ?, ?, ?, ?, ?, ?, ?, ?, ?, ?, ?, ?, ?, ?)]
[parameters: ('Java', 'Harry Chaudhary.', '9781500865108', 'A comprehensive book on Java Complete Reference', 'UG', 'Java', 494.0, 591.35, 539, 2014, 'Unknown', 'English', '5s Edition', 'Hardcover', 'New', 'https://covers.openlibrary.org/b/isbn/9781500865108-M.jpg', 4.6, 1, 1, 9, '2026-04-12 10:28:54.675396', '2026-04-12 10:28:54.675396')]
(Background on this error at: https://sqlalche.me/e/20/gkpj) (Background on this error at: https://sqlalche.me/e/20/7s2a)
2026-04-12 15:59:04,567 - INFO - [BookIngestion] -     ✓ Added: Clean Code by Robert C. Martin
2026-04-12 15:59:04,583 - ERROR - [BookIngestion] - Error checking if book exists: This Session's transaction has been rolled back due to a previous exception during flush. To begin a new transaction with this Session, first issue Session.rollback(). Original exception was: (raised as a result of Query-invoked autoflush; consider using a session.no_autoflush block if this flush is occurring prematurely)
(sqlite3.IntegrityError) UNIQUE constraint failed: books.isbn
[SQL: INSERT INTO books (title, author, isbn, description, category, subcategory, price, original_price, pages, year, publisher, language, edition, format, condition, image, rating, verified, in_stock, stock_quantity, created_at, updated_at) VALUES (?, ?, ?, ?, ?, ?, ?, ?, ?, ?, ?, ?, ?, ?, ?, ?, ?, ?, ?, ?, ?, ?)]
[parameters: ('Java', 'Harry Chaudhary.', '9781500865108', 'A comprehensive book on Java Complete Reference', 'UG', 'Java', 494.0, 591.35, 539, 2014, 'Unknown', 'English', '5s Edition', 'Hardcover', 'New', 'https://covers.openlibrary.org/b/isbn/9781500865108-M.jpg', 4.6, 1, 1, 9, '2026-04-12 10:28:54.675396', '2026-04-12 10:28:54.675396')]
(Background on this error at: https://sqlalche.me/e/20/gkpj) (Background on this error at: https://sqlalche.me/e/20/7s2a)
2026-04-12 15:59:07,587 - INFO - [BookIngestion] -     ✓ Added: Código Limpo. Habilidades Práticas Do Agile Softwar by Robert C. Martin
2026-04-12 15:59:07,592 - ERROR - [BookIngestion] - Error checking if book exists: This Session's transaction has been rolled back due to a previous exception during flush. To begin a new transaction with this Session, first issue Session.rollback(). Original exception was: (raised as a result of Query-invoked autoflush; consider using a session.no_autoflush block if this flush is occurring prematurely)
(sqlite3.IntegrityError) UNIQUE constraint failed: books.isbn
[SQL: INSERT INTO books (title, author, isbn, description, category, subcategory, price, original_price, pages, year, publisher, language, edition, format, condition, image, rating, verified, in_stock, stock_quantity, created_at, updated_at) VALUES (?, ?, ?, ?, ?, ?, ?, ?, ?, ?, ?, ?, ?, ?, ?, ?, ?, ?, ?, ?, ?, ?)]
[parameters: ('Java', 'Harry Chaudhary.', '9781500865108', 'A comprehensive book on Java Complete Reference', 'UG', 'Java', 494.0, 591.35, 539, 2014, 'Unknown', 'English', '5s Edition', 'Hardcover', 'New', 'https://covers.openlibrary.org/b/isbn/9781500865108-M.jpg', 4.6, 1, 1, 9, '2026-04-12 10:28:54.675396', '2026-04-12 10:28:54.675396')]
(Background on this error at: https://sqlalche.me/e/20/gkpj) (Background on this error at: https://sqlalche.me/e/20/7s2a)
2026-04-12 15:59:10,676 - INFO - [BookIngestion] -     ✓ Added: Clean Code by Elijah Lewis
2026-04-12 15:59:10,676 - ERROR - [BookIngestion] - Error checking if book exists: This Session's transaction has been rolled back due to a previous exception during flush. To begin a new transaction with this Session, first issue Session.rollback(). Original exception was: (raised as a result of Query-invoked autoflush; consider using a session.no_autoflush block if this flush is occurring prematurely)
(sqlite3.IntegrityError) UNIQUE constraint failed: books.isbn
[SQL: INSERT INTO books (title, author, isbn, description, category, subcategory, price, original_price, pages, year, publisher, language, edition, format, condition, image, rating, verified, in_stock, stock_quantity, created_at, updated_at) VALUES (?, ?, ?, ?, ?, ?, ?, ?, ?, ?, ?, ?, ?, ?, ?, ?, ?, ?, ?, ?, ?, ?)]
[parameters: ('Java', 'Harry Chaudhary.', '9781500865108', 'A comprehensive book on Java Complete Reference', 'UG', 'Java', 494.0, 591.35, 539, 2014, 'Unknown', 'English', '5s Edition', 'Hardcover', 'New', 'https://covers.openlibrary.org/b/isbn/9781500865108-M.jpg', 4.6, 1, 1, 9, '2026-04-12 10:28:54.675396', '2026-04-12 10:28:54.675396')]
(Background on this error at: https://sqlalche.me/e/20/gkpj) (Background on this error at: https://sqlalche.me/e/20/7s2a)
2026-04-12 15:59:15,462 - INFO - [BookIngestion] -     ✓ Added: Mishneh Torah (Codification of Talmudic laws) by Moses Maimonides
2026-04-12 15:59:15,462 - ERROR - [BookIngestion] - Error checking if book exists: This Session's transaction has been rolled back due to a previous exception during flush. To begin a new transaction with this Session, first issue Session.rollback(). Original exception was: (raised as a result of Query-invoked autoflush; consider using a session.no_autoflush block if this flush is occurring prematurely)
(sqlite3.IntegrityError) UNIQUE constraint failed: books.isbn
[SQL: INSERT INTO books (title, author, isbn, description, category, subcategory, price, original_price, pages, year, publisher, language, edition, format, condition, image, rating, verified, in_stock, stock_quantity, created_at, updated_at) VALUES (?, ?, ?, ?, ?, ?, ?, ?, ?, ?, ?, ?, ?, ?, ?, ?, ?, ?, ?, ?, ?, ?)]
[parameters: ('Java', 'Harry Chaudhary.', '9781500865108', 'A comprehensive book on Java Complete Reference', 'UG', 'Java', 494.0, 591.35, 539, 2014, 'Unknown', 'English', '5s Edition', 'Hardcover', 'New', 'https://covers.openlibrary.org/b/isbn/9781500865108-M.jpg', 4.6, 1, 1, 9, '2026-04-12 10:28:54.675396', '2026-04-12 10:28:54.675396')]
(Background on this error at: https://sqlalche.me/e/20/gkpj) (Background on this error at: https://sqlalche.me/e/20/7s2a)
2026-04-12 15:59:20,516 - INFO - [BookIngestion] -     ✓ Added: Clean Code in Python by Mariano Anaya
2026-04-12 15:59:20,525 - ERROR - [BookIngestion] - Error checking if book exists: This Session's transaction has been rolled back due to a previous exception during flush. To begin a new transaction with this Session, first issue Session.rollback(). Original exception was: (raised as a result of Query-invoked autoflush; consider using a session.no_autoflush block if this flush is occurring prematurely)
(sqlite3.IntegrityError) UNIQUE constraint failed: books.isbn
[SQL: INSERT INTO books (title, author, isbn, description, category, subcategory, price, original_price, pages, year, publisher, language, edition, format, condition, image, rating, verified, in_stock, stock_quantity, created_at, updated_at) VALUES (?, ?, ?, ?, ?, ?, ?, ?, ?, ?, ?, ?, ?, ?, ?, ?, ?, ?, ?, ?, ?, ?)]
[parameters: ('Java', 'Harry Chaudhary.', '9781500865108', 'A comprehensive book on Java Complete Reference', 'UG', 'Java', 494.0, 591.35, 539, 2014, 'Unknown', 'English', '5s Edition', 'Hardcover', 'New', 'https://covers.openlibrary.org/b/isbn/9781500865108-M.jpg', 4.6, 1, 1, 9, '2026-04-12 10:28:54.675396', '2026-04-12 10:28:54.675396')]
(Background on this error at: https://sqlalche.me/e/20/gkpj) (Background on this error at: https://sqlalche.me/e/20/7s2a)
2026-04-12 15:59:24,127 - INFO - [BookIngestion] -     ✓ Added: Clean Code by Robert Martin
2026-04-12 15:59:24,635 - INFO - [BookIngestion] -   📖 Subcategory: Data Structures
2026-04-12 15:59:24,635 - INFO - [BookIngestion] -     🔍 Searching for: Data Structures and Algorithms
2026-04-12 15:59:26,858 - INFO - [BookIngestion] - ✓ Found 6 books for query: Data Structures and Algorithms
2026-04-12 15:59:26,858 - ERROR - [BookIngestion] - Error checking if book exists: This Session's transaction has been rolled back due to a previous exception during flush. To begin a new transaction with this Session, first issue Session.rollback(). Original exception was: (raised as a result of Query-invoked autoflush; consider using a session.no_autoflush block if this flush is occurring prematurely)
(sqlite3.IntegrityError) UNIQUE constraint failed: books.isbn
[SQL: INSERT INTO books (title, author, isbn, description, category, subcategory, price, original_price, pages, year, publisher, language, edition, format, condition, image, rating, verified, in_stock, stock_quantity, created_at, updated_at) VALUES (?, ?, ?, ?, ?, ?, ?, ?, ?, ?, ?, ?, ?, ?, ?, ?, ?, ?, ?, ?, ?, ?)]
[parameters: ('Java', 'Harry Chaudhary.', '9781500865108', 'A comprehensive book on Java Complete Reference', 'UG', 'Java', 494.0, 591.35, 539, 2014, 'Unknown', 'English', '5s Edition', 'Hardcover', 'New', 'https://covers.openlibrary.org/b/isbn/9781500865108-M.jpg', 4.6, 1, 1, 9, '2026-04-12 10:28:54.675396', '2026-04-12 10:28:54.675396')]
(Background on this error at: https://sqlalche.me/e/20/gkpj) (Background on this error at: https://sqlalche.me/e/20/7s2a)
2026-04-12 15:59:30,779 - INFO - [BookIngestion] -     ✓ Added: Data Structures and Algorithms Made Easy by Narasimha Karumanchi
2026-04-12 15:59:30,779 - ERROR - [BookIngestion] - Error checking if book exists: This Session's transaction has been rolled back due to a previous exception during flush. To begin a new transaction with this Session, first issue Session.rollback(). Original exception was: (raised as a result of Query-invoked autoflush; consider using a session.no_autoflush block if this flush is occurring prematurely)
(sqlite3.IntegrityError) UNIQUE constraint failed: books.isbn
[SQL: INSERT INTO books (title, author, isbn, description, category, subcategory, price, original_price, pages, year, publisher, language, edition, format, condition, image, rating, verified, in_stock, stock_quantity, created_at, updated_at) VALUES (?, ?, ?, ?, ?, ?, ?, ?, ?, ?, ?, ?, ?, ?, ?, ?, ?, ?, ?, ?, ?, ?)]
[parameters: ('Java', 'Harry Chaudhary.', '9781500865108', 'A comprehensive book on Java Complete Reference', 'UG', 'Java', 494.0, 591.35, 539, 2014, 'Unknown', 'English', '5s Edition', 'Hardcover', 'New', 'https://covers.openlibrary.org/b/isbn/9781500865108-M.jpg', 4.6, 1, 1, 9, '2026-04-12 10:28:54.675396', '2026-04-12 10:28:54.675396')]
(Background on this error at: https://sqlalche.me/e/20/gkpj) (Background on this error at: https://sqlalche.me/e/20/7s2a)
2026-04-12 15:59:38,170 - INFO - [BookIngestion] -     ✓ Added: Data structures and algorithms by Alfred V. Aho
2026-04-12 15:59:38,174 - ERROR - [BookIngestion] - Error checking if book exists: This Session's transaction has been rolled back due to a previous exception during flush. To begin a new transaction with this Session, first issue Session.rollback(). Original exception was: (raised as a result of Query-invoked autoflush; consider using a session.no_autoflush block if this flush is occurring prematurely)
(sqlite3.IntegrityError) UNIQUE constraint failed: books.isbn
[SQL: INSERT INTO books (title, author, isbn, description, category, subcategory, price, original_price, pages, year, publisher, language, edition, format, condition, image, rating, verified, in_stock, stock_quantity, created_at, updated_at) VALUES (?, ?, ?, ?, ?, ?, ?, ?, ?, ?, ?, ?, ?, ?, ?, ?, ?, ?, ?, ?, ?, ?)]
[parameters: ('Java', 'Harry Chaudhary.', '9781500865108', 'A comprehensive book on Java Complete Reference', 'UG', 'Java', 494.0, 591.35, 539, 2014, 'Unknown', 'English', '5s Edition', 'Hardcover', 'New', 'https://covers.openlibrary.org/b/isbn/9781500865108-M.jpg', 4.6, 1, 1, 9, '2026-04-12 10:28:54.675396', '2026-04-12 10:28:54.675396')]
(Background on this error at: https://sqlalche.me/e/20/gkpj) (Background on this error at: https://sqlalche.me/e/20/7s2a)
2026-04-12 15:59:42,212 - INFO - [BookIngestion] -     ✓ Added: Data structures and algorithm analysis in C by Mark Allen Weiss
2026-04-12 15:59:42,212 - ERROR - [BookIngestion] - Error checking if book exists: This Session's transaction has been rolled back due to a previous exception during flush. To begin a new transaction with this Session, first issue Session.rollback(). Original exception was: (raised as a result of Query-invoked autoflush; consider using a session.no_autoflush block if this flush is occurring prematurely)
(sqlite3.IntegrityError) UNIQUE constraint failed: books.isbn
[SQL: INSERT INTO books (title, author, isbn, description, category, subcategory, price, original_price, pages, year, publisher, language, edition, format, condition, image, rating, verified, in_stock, stock_quantity, created_at, updated_at) VALUES (?, ?, ?, ?, ?, ?, ?, ?, ?, ?, ?, ?, ?, ?, ?, ?, ?, ?, ?, ?, ?, ?)]
[parameters: ('Java', 'Harry Chaudhary.', '9781500865108', 'A comprehensive book on Java Complete Reference', 'UG', 'Java', 494.0, 591.35, 539, 2014, 'Unknown', 'English', '5s Edition', 'Hardcover', 'New', 'https://covers.openlibrary.org/b/isbn/9781500865108-M.jpg', 4.6, 1, 1, 9, '2026-04-12 10:28:54.675396', '2026-04-12 10:28:54.675396')]
(Background on this error at: https://sqlalche.me/e/20/gkpj) (Background on this error at: https://sqlalche.me/e/20/7s2a)
2026-04-12 15:59:46,039 - INFO - [BookIngestion] -     ✓ Added: Data structures and algorithms by Shi-Kuo Chang
2026-04-12 15:59:46,041 - ERROR - [BookIngestion] - Error checking if book exists: This Session's transaction has been rolled back due to a previous exception during flush. To begin a new transaction with this Session, first issue Session.rollback(). Original exception was: (raised as a result of Query-invoked autoflush; consider using a session.no_autoflush block if this flush is occurring prematurely)
(sqlite3.IntegrityError) UNIQUE constraint failed: books.isbn
[SQL: INSERT INTO books (title, author, isbn, description, category, subcategory, price, original_price, pages, year, publisher, language, edition, format, condition, image, rating, verified, in_stock, stock_quantity, created_at, updated_at) VALUES (?, ?, ?, ?, ?, ?, ?, ?, ?, ?, ?, ?, ?, ?, ?, ?, ?, ?, ?, ?, ?, ?)]
[parameters: ('Java', 'Harry Chaudhary.', '9781500865108', 'A comprehensive book on Java Complete Reference', 'UG', 'Java', 494.0, 591.35, 539, 2014, 'Unknown', 'English', '5s Edition', 'Hardcover', 'New', 'https://covers.openlibrary.org/b/isbn/9781500865108-M.jpg', 4.6, 1, 1, 9, '2026-04-12 10:28:54.675396', '2026-04-12 10:28:54.675396')]
(Background on this error at: https://sqlalche.me/e/20/gkpj) (Background on this error at: https://sqlalche.me/e/20/7s2a)
2026-04-12 15:59:51,895 - INFO - [BookIngestion] -     ✓ Added: Data Structure and Algorithmic Thinking with Python: Data Structure and Algorithmic Puzzles by Narasimha Karumanchi
2026-04-12 15:59:51,895 - ERROR - [BookIngestion] - Error checking if book exists: This Session's transaction has been rolled back due to a previous exception during flush. To begin a new transaction with this Session, first issue Session.rollback(). Original exception was: (raised as a result of Query-invoked autoflush; consider using a session.no_autoflush block if this flush is occurring prematurely)
(sqlite3.IntegrityError) UNIQUE constraint failed: books.isbn
[SQL: INSERT INTO books (title, author, isbn, description, category, subcategory, price, original_price, pages, year, publisher, language, edition, format, condition, image, rating, verified, in_stock, stock_quantity, created_at, updated_at) VALUES (?, ?, ?, ?, ?, ?, ?, ?, ?, ?, ?, ?, ?, ?, ?, ?, ?, ?, ?, ?, ?, ?)]
[parameters: ('Java', 'Harry Chaudhary.', '9781500865108', 'A comprehensive book on Java Complete Reference', 'UG', 'Java', 494.0, 591.35, 539, 2014, 'Unknown', 'English', '5s Edition', 'Hardcover', 'New', 'https://covers.openlibrary.org/b/isbn/9781500865108-M.jpg', 4.6, 1, 1, 9, '2026-04-12 10:28:54.675396', '2026-04-12 10:28:54.675396')]
(Background on this error at: https://sqlalche.me/e/20/gkpj) (Background on this error at: https://sqlalche.me/e/20/7s2a)
2026-04-12 15:59:55,713 - INFO - [BookIngestion] -     ✓ Added: Data structures and algorithms in C++ by Adam Drozdek
2026-04-12 15:59:56,218 - INFO - [BookIngestion] -     🔍 Searching for: Introduction to Algorithms
2026-04-12 15:59:57,377 - INFO - [BookIngestion] - ✓ Found 6 books for query: Introduction to Algorithms
2026-04-12 15:59:57,383 - ERROR - [BookIngestion] - Error checking if book exists: This Session's transaction has been rolled back due to a previous exception during flush. To begin a new transaction with this Session, first issue Session.rollback(). Original exception was: (raised as a result of Query-invoked autoflush; consider using a session.no_autoflush block if this flush is occurring prematurely)
(sqlite3.IntegrityError) UNIQUE constraint failed: books.isbn
[SQL: INSERT INTO books (title, author, isbn, description, category, subcategory, price, original_price, pages, year, publisher, language, edition, format, condition, image, rating, verified, in_stock, stock_quantity, created_at, updated_at) VALUES (?, ?, ?, ?, ?, ?, ?, ?, ?, ?, ?, ?, ?, ?, ?, ?, ?, ?, ?, ?, ?, ?)]
[parameters: ('Java', 'Harry Chaudhary.', '9781500865108', 'A comprehensive book on Java Complete Reference', 'UG', 'Java', 494.0, 591.35, 539, 2014, 'Unknown', 'English', '5s Edition', 'Hardcover', 'New', 'https://covers.openlibrary.org/b/isbn/9781500865108-M.jpg', 4.6, 1, 1, 9, '2026-04-12 10:28:54.675396', '2026-04-12 10:28:54.675396')]
(Background on this error at: https://sqlalche.me/e/20/gkpj) (Background on this error at: https://sqlalche.me/e/20/7s2a)
2026-04-12 15:59:59,875 - INFO - [BookIngestion] -     ✓ Added: Introduction to Algorithms by Thomas H. Cormen
2026-04-12 15:59:59,875 - ERROR - [BookIngestion] - Error checking if book exists: This Session's transaction has been rolled back due to a previous exception during flush. To begin a new transaction with this Session, first issue Session.rollback(). Original exception was: (raised as a result of Query-invoked autoflush; consider using a session.no_autoflush block if this flush is occurring prematurely)
(sqlite3.IntegrityError) UNIQUE constraint failed: books.isbn
[SQL: INSERT INTO books (title, author, isbn, description, category, subcategory, price, original_price, pages, year, publisher, language, edition, format, condition, image, rating, verified, in_stock, stock_quantity, created_at, updated_at) VALUES (?, ?, ?, ?, ?, ?, ?, ?, ?, ?, ?, ?, ?, ?, ?, ?, ?, ?, ?, ?, ?, ?)]
[parameters: ('Java', 'Harry Chaudhary.', '9781500865108', 'A comprehensive book on Java Complete Reference', 'UG', 'Java', 494.0, 591.35, 539, 2014, 'Unknown', 'English', '5s Edition', 'Hardcover', 'New', 'https://covers.openlibrary.org/b/isbn/9781500865108-M.jpg', 4.6, 1, 1, 9, '2026-04-12 10:28:54.675396', '2026-04-12 10:28:54.675396')]
(Background on this error at: https://sqlalche.me/e/20/gkpj) (Background on this error at: https://sqlalche.me/e/20/7s2a)
2026-04-12 16:00:02,160 - INFO - [BookIngestion] -     ✓ Added: Introduction to algorithms by Udi Manber
2026-04-12 16:00:02,162 - ERROR - [BookIngestion] - Error checking if book exists: This Session's transaction has been rolled back due to a previous exception during flush. To begin a new transaction with this Session, first issue Session.rollback(). Original exception was: (raised as a result of Query-invoked autoflush; consider using a session.no_autoflush block if this flush is occurring prematurely)
(sqlite3.IntegrityError) UNIQUE constraint failed: books.isbn
[SQL: INSERT INTO books (title, author, isbn, description, category, subcategory, price, original_price, pages, year, publisher, language, edition, format, condition, image, rating, verified, in_stock, stock_quantity, created_at, updated_at) VALUES (?, ?, ?, ?, ?, ?, ?, ?, ?, ?, ?, ?, ?, ?, ?, ?, ?, ?, ?, ?, ?, ?)]
[parameters: ('Java', 'Harry Chaudhary.', '9781500865108', 'A comprehensive book on Java Complete Reference', 'UG', 'Java', 494.0, 591.35, 539, 2014, 'Unknown', 'English', '5s Edition', 'Hardcover', 'New', 'https://covers.openlibrary.org/b/isbn/9781500865108-M.jpg', 4.6, 1, 1, 9, '2026-04-12 10:28:54.675396', '2026-04-12 10:28:54.675396')]
(Background on this error at: https://sqlalche.me/e/20/gkpj) (Background on this error at: https://sqlalche.me/e/20/7s2a)
2026-04-12 16:00:05,674 - INFO - [BookIngestion] -     ✓ Added: Introduction to Algorithms by Moubachir MADANI FADOUL
2026-04-12 16:00:05,676 - ERROR - [BookIngestion] - Error checking if book exists: This Session's transaction has been rolled back due to a previous exception during flush. To begin a new transaction with this Session, first issue Session.rollback(). Original exception was: (raised as a result of Query-invoked autoflush; consider using a session.no_autoflush block if this flush is occurring prematurely)
(sqlite3.IntegrityError) UNIQUE constraint failed: books.isbn
[SQL: INSERT INTO books (title, author, isbn, description, category, subcategory, price, original_price, pages, year, publisher, language, edition, format, condition, image, rating, verified, in_stock, stock_quantity, created_at, updated_at) VALUES (?, ?, ?, ?, ?, ?, ?, ?, ?, ?, ?, ?, ?, ?, ?, ?, ?, ?, ?, ?, ?, ?)]
[parameters: ('Java', 'Harry Chaudhary.', '9781500865108', 'A comprehensive book on Java Complete Reference', 'UG', 'Java', 494.0, 591.35, 539, 2014, 'Unknown', 'English', '5s Edition', 'Hardcover', 'New', 'https://covers.openlibrary.org/b/isbn/9781500865108-M.jpg', 4.6, 1, 1, 9, '2026-04-12 10:28:54.675396', '2026-04-12 10:28:54.675396')]
(Background on this error at: https://sqlalche.me/e/20/gkpj) (Background on this error at: https://sqlalche.me/e/20/7s2a)
2026-04-12 16:00:08,074 - INFO - [BookIngestion] -     ✓ Added: Wprowadzenie do algorytmów by Thomas H. Cormen
2026-04-12 16:00:08,074 - ERROR - [BookIngestion] - Error checking if book exists: This Session's transaction has been rolled back due to a previous exception during flush. To begin a new transaction with this Session, first issue Session.rollback(). Original exception was: (raised as a result of Query-invoked autoflush; consider using a session.no_autoflush block if this flush is occurring prematurely)
(sqlite3.IntegrityError) UNIQUE constraint failed: books.isbn
[SQL: INSERT INTO books (title, author, isbn, description, category, subcategory, price, original_price, pages, year, publisher, language, edition, format, condition, image, rating, verified, in_stock, stock_quantity, created_at, updated_at) VALUES (?, ?, ?, ?, ?, ?, ?, ?, ?, ?, ?, ?, ?, ?, ?, ?, ?, ?, ?, ?, ?, ?)]
[parameters: ('Java', 'Harry Chaudhary.', '9781500865108', 'A comprehensive book on Java Complete Reference', 'UG', 'Java', 494.0, 591.35, 539, 2014, 'Unknown', 'English', '5s Edition', 'Hardcover', 'New', 'https://covers.openlibrary.org/b/isbn/9781500865108-M.jpg', 4.6, 1, 1, 9, '2026-04-12 10:28:54.675396', '2026-04-12 10:28:54.675396')]
(Background on this error at: https://sqlalche.me/e/20/gkpj) (Background on this error at: https://sqlalche.me/e/20/7s2a)
2026-04-12 16:00:10,875 - INFO - [BookIngestion] -     ✓ Added: Introduction to Algorithms Text in Russian by Thomas H. Cormen
2026-04-12 16:00:10,875 - ERROR - [BookIngestion] -     ✗ Error adding book: This Session's transaction has been rolled back due to a previous exception during flush. To begin a new transaction with this Session, first issue Session.rollback(). Original exception was: (raised as a result of Query-invoked autoflush; consider using a session.no_autoflush block if this flush is occurring prematurely)
(sqlite3.IntegrityError) UNIQUE constraint failed: books.isbn
[SQL: INSERT INTO books (title, author, isbn, description, category, subcategory, price, original_price, pages, year, publisher, language, edition, format, condition, image, rating, verified, in_stock, stock_quantity, created_at, updated_at) VALUES (?, ?, ?, ?, ?, ?, ?, ?, ?, ?, ?, ?, ?, ?, ?, ?, ?, ?, ?, ?, ?, ?)]
[parameters: ('Java', 'Harry Chaudhary.', '9781500865108', 'A comprehensive book on Java Complete Reference', 'UG', 'Java', 494.0, 591.35, 539, 2014, 'Unknown', 'English', '5s Edition', 'Hardcover', 'New', 'https://covers.openlibrary.org/b/isbn/9781500865108-M.jpg', 4.6, 1, 1, 9, '2026-04-12 10:28:54.675396', '2026-04-12 10:28:54.675396')]
(Background on this error at: https://sqlalche.me/e/20/gkpj) (Background on this error at: https://sqlalche.me/e/20/7s2a)
2026-04-12 16:00:14,722 - INFO - [BookIngestion] -     ✓ Added: Introduction to Algorithms by Michael David
2026-04-12 16:00:15,230 - INFO - [BookIngestion] -     🔍 Searching for: Cracking the Coding Interview
2026-04-12 16:00:17,429 - INFO - [BookIngestion] - ✓ Found 6 books for query: Cracking the Coding Interview
2026-04-12 16:00:19,946 - INFO - [BookIngestion] -     ✓ Added: Cracking the Coding Interview by Kotiyana
2026-04-12 16:00:22,722 - INFO - [BookIngestion] -     ✓ Added: Cracking the Coding Interview by Chinmoy M
2026-04-12 16:00:26,073 - INFO - [BookIngestion] -     ✓ Added: Cracking the Coding Interview by Chinmoy Mukherjee
2026-04-12 16:00:26,073 - ERROR - [BookIngestion] - Error checking if book exists: (raised as a result of Query-invoked autoflush; consider using a session.no_autoflush block if this flush is occurring prematurely)
(sqlite3.IntegrityError) UNIQUE constraint failed: books.isbn
[SQL: INSERT INTO books (title, author, isbn, description, category, subcategory, price, original_price, pages, year, publisher, language, edition, format, condition, image, rating, verified, in_stock, stock_quantity, created_at, updated_at) VALUES (?, ?, ?, ?, ?, ?, ?, ?, ?, ?, ?, ?, ?, ?, ?, ?, ?, ?, ?, ?, ?, ?)]
[parameters: ('Cracking the Coding Interview', 'Chinmoy Mukherjee', '1532791577', 'A comprehensive book on Cracking the Coding Interview', 'UG', 'Data Structures', 497.0, 623.89, 544, 2015, 'Unknown', 'English', '3s Edition', 'e-book', 'Good', 'https://covers.openlibrary.org/b/isbn/1532791577-M.jpg', 4.9, 1, 1, 6, '2026-04-12 10:30:26.073208', '2026-04-12 10:30:26.073208')]
(Background on this error at: https://sqlalche.me/e/20/gkpj)
2026-04-12 16:00:28,564 - INFO - [BookIngestion] -     ✓ Added: Cracking the Coding Interview by Chinmoy Mukherjee
2026-04-12 16:00:28,564 - ERROR - [BookIngestion] - Error checking if book exists: This Session's transaction has been rolled back due to a previous exception during flush. To begin a new transaction with this Session, first issue Session.rollback(). Original exception was: (raised as a result of Query-invoked autoflush; consider using a session.no_autoflush block if this flush is occurring prematurely)
(sqlite3.IntegrityError) UNIQUE constraint failed: books.isbn
[SQL: INSERT INTO books (title, author, isbn, description, category, subcategory, price, original_price, pages, year, publisher, language, edition, format, condition, image, rating, verified, in_stock, stock_quantity, created_at, updated_at) VALUES (?, ?, ?, ?, ?, ?, ?, ?, ?, ?, ?, ?, ?, ?, ?, ?, ?, ?, ?, ?, ?, ?)]
[parameters: ('Cracking the Coding Interview', 'Chinmoy Mukherjee', '1532791577', 'A comprehensive book on Cracking the Coding Interview', 'UG', 'Data Structures', 497.0, 623.89, 544, 2015, 'Unknown', 'English', '3s Edition', 'e-book', 'Good', 'https://covers.openlibrary.org/b/isbn/1532791577-M.jpg', 4.9, 1, 1, 6, '2026-04-12 10:30:26.073208', '2026-04-12 10:30:26.073208')]
(Background on this error at: https://sqlalche.me/e/20/gkpj) (Background on this error at: https://sqlalche.me/e/20/7s2a)
2026-04-12 16:00:30,889 - INFO - [BookIngestion] -     ✓ Added: Beyond Cracking the Coding Interview by Gayle Laakmann McDowell
2026-04-12 16:00:31,399 - INFO - [BookIngestion] -   📖 Subcategory: Algorithms
2026-04-12 16:00:31,399 - INFO - [BookIngestion] -     🔍 Searching for: Algorithm Design
2026-04-12 16:00:32,351 - INFO - [BookIngestion] - ✓ Found 6 books for query: Algorithm Design
2026-04-12 16:00:32,356 - ERROR - [BookIngestion] - Error checking if book exists: This Session's transaction has been rolled back due to a previous exception during flush. To begin a new transaction with this Session, first issue Session.rollback(). Original exception was: (raised as a result of Query-invoked autoflush; consider using a session.no_autoflush block if this flush is occurring prematurely)
(sqlite3.IntegrityError) UNIQUE constraint failed: books.isbn
[SQL: INSERT INTO books (title, author, isbn, description, category, subcategory, price, original_price, pages, year, publisher, language, edition, format, condition, image, rating, verified, in_stock, stock_quantity, created_at, updated_at) VALUES (?, ?, ?, ?, ?, ?, ?, ?, ?, ?, ?, ?, ?, ?, ?, ?, ?, ?, ?, ?, ?, ?)]
[parameters: ('Cracking the Coding Interview', 'Chinmoy Mukherjee', '1532791577', 'A comprehensive book on Cracking the Coding Interview', 'UG', 'Data Structures', 497.0, 623.89, 544, 2015, 'Unknown', 'English', '3s Edition', 'e-book', 'Good', 'https://covers.openlibrary.org/b/isbn/1532791577-M.jpg', 4.9, 1, 1, 6, '2026-04-12 10:30:26.073208', '2026-04-12 10:30:26.073208')]
(Background on this error at: https://sqlalche.me/e/20/gkpj) (Background on this error at: https://sqlalche.me/e/20/7s2a)
2026-04-12 16:00:35,161 - INFO - [BookIngestion] -     ✓ Added: The algorithm design manual by Steven S. Skiena
2026-04-12 16:00:35,161 - ERROR - [BookIngestion] - Error checking if book exists: This Session's transaction has been rolled back due to a previous exception during flush. To begin a new transaction with this Session, first issue Session.rollback(). Original exception was: (raised as a result of Query-invoked autoflush; consider using a session.no_autoflush block if this flush is occurring prematurely)
(sqlite3.IntegrityError) UNIQUE constraint failed: books.isbn
[SQL: INSERT INTO books (title, author, isbn, description, category, subcategory, price, original_price, pages, year, publisher, language, edition, format, condition, image, rating, verified, in_stock, stock_quantity, created_at, updated_at) VALUES (?, ?, ?, ?, ?, ?, ?, ?, ?, ?, ?, ?, ?, ?, ?, ?, ?, ?, ?, ?, ?, ?)]
[parameters: ('Cracking the Coding Interview', 'Chinmoy Mukherjee', '1532791577', 'A comprehensive book on Cracking the Coding Interview', 'UG', 'Data Structures', 497.0, 623.89, 544, 2015, 'Unknown', 'English', '3s Edition', 'e-book', 'Good', 'https://covers.openlibrary.org/b/isbn/1532791577-M.jpg', 4.9, 1, 1, 6, '2026-04-12 10:30:26.073208', '2026-04-12 10:30:26.073208')]
(Background on this error at: https://sqlalche.me/e/20/gkpj) (Background on this error at: https://sqlalche.me/e/20/7s2a)
2026-04-12 16:00:37,550 - INFO - [BookIngestion] -     ✓ Added: Algorithm design by Jon Kleinberg
2026-04-12 16:00:37,552 - ERROR - [BookIngestion] - Error checking if book exists: This Session's transaction has been rolled back due to a previous exception during flush. To begin a new transaction with this Session, first issue Session.rollback(). Original exception was: (raised as a result of Query-invoked autoflush; consider using a session.no_autoflush block if this flush is occurring prematurely)
(sqlite3.IntegrityError) UNIQUE constraint failed: books.isbn
[SQL: INSERT INTO books (title, author, isbn, description, category, subcategory, price, original_price, pages, year, publisher, language, edition, format, condition, image, rating, verified, in_stock, stock_quantity, created_at, updated_at) VALUES (?, ?, ?, ?, ?, ?, ?, ?, ?, ?, ?, ?, ?, ?, ?, ?, ?, ?, ?, ?, ?, ?)]
[parameters: ('Cracking the Coding Interview', 'Chinmoy Mukherjee', '1532791577', 'A comprehensive book on Cracking the Coding Interview', 'UG', 'Data Structures', 497.0, 623.89, 544, 2015, 'Unknown', 'English', '3s Edition', 'e-book', 'Good', 'https://covers.openlibrary.org/b/isbn/1532791577-M.jpg', 4.9, 1, 1, 6, '2026-04-12 10:30:26.073208', '2026-04-12 10:30:26.073208')]
(Background on this error at: https://sqlalche.me/e/20/gkpj) (Background on this error at: https://sqlalche.me/e/20/7s2a)
2026-04-12 16:00:41,080 - INFO - [BookIngestion] -     ✓ Added: Algorithm design by Eva Tardos
2026-04-12 16:00:41,082 - ERROR - [BookIngestion] - Error checking if book exists: This Session's transaction has been rolled back due to a previous exception during flush. To begin a new transaction with this Session, first issue Session.rollback(). Original exception was: (raised as a result of Query-invoked autoflush; consider using a session.no_autoflush block if this flush is occurring prematurely)
(sqlite3.IntegrityError) UNIQUE constraint failed: books.isbn
[SQL: INSERT INTO books (title, author, isbn, description, category, subcategory, price, original_price, pages, year, publisher, language, edition, format, condition, image, rating, verified, in_stock, stock_quantity, created_at, updated_at) VALUES (?, ?, ?, ?, ?, ?, ?, ?, ?, ?, ?, ?, ?, ?, ?, ?, ?, ?, ?, ?, ?, ?)]
[parameters: ('Cracking the Coding Interview', 'Chinmoy Mukherjee', '1532791577', 'A comprehensive book on Cracking the Coding Interview', 'UG', 'Data Structures', 497.0, 623.89, 544, 2015, 'Unknown', 'English', '3s Edition', 'e-book', 'Good', 'https://covers.openlibrary.org/b/isbn/1532791577-M.jpg', 4.9, 1, 1, 6, '2026-04-12 10:30:26.073208', '2026-04-12 10:30:26.073208')]
(Background on this error at: https://sqlalche.me/e/20/gkpj) (Background on this error at: https://sqlalche.me/e/20/7s2a)
2026-04-12 16:00:43,303 - INFO - [BookIngestion] -     ✓ Added: Algorithm Design by Amro SOLIMA
2026-04-12 16:00:43,304 - ERROR - [BookIngestion] - Error checking if book exists: This Session's transaction has been rolled back due to a previous exception during flush. To begin a new transaction with this Session, first issue Session.rollback(). Original exception was: (raised as a result of Query-invoked autoflush; consider using a session.no_autoflush block if this flush is occurring prematurely)
(sqlite3.IntegrityError) UNIQUE constraint failed: books.isbn
[SQL: INSERT INTO books (title, author, isbn, description, category, subcategory, price, original_price, pages, year, publisher, language, edition, format, condition, image, rating, verified, in_stock, stock_quantity, created_at, updated_at) VALUES (?, ?, ?, ?, ?, ?, ?, ?, ?, ?, ?, ?, ?, ?, ?, ?, ?, ?, ?, ?, ?, ?)]
[parameters: ('Cracking the Coding Interview', 'Chinmoy Mukherjee', '1532791577', 'A comprehensive book on Cracking the Coding Interview', 'UG', 'Data Structures', 497.0, 623.89, 544, 2015, 'Unknown', 'English', '3s Edition', 'e-book', 'Good', 'https://covers.openlibrary.org/b/isbn/1532791577-M.jpg', 4.9, 1, 1, 6, '2026-04-12 10:30:26.073208', '2026-04-12 10:30:26.073208')]
(Background on this error at: https://sqlalche.me/e/20/gkpj) (Background on this error at: https://sqlalche.me/e/20/7s2a)
2026-04-12 16:00:48,844 - INFO - [BookIngestion] -     ✓ Added: Introduction to Algorithms by Thomas H. Cormen
2026-04-12 16:00:48,846 - ERROR - [BookIngestion] - Error checking if book exists: This Session's transaction has been rolled back due to a previous exception during flush. To begin a new transaction with this Session, first issue Session.rollback(). Original exception was: (raised as a result of Query-invoked autoflush; consider using a session.no_autoflush block if this flush is occurring prematurely)
(sqlite3.IntegrityError) UNIQUE constraint failed: books.isbn
[SQL: INSERT INTO books (title, author, isbn, description, category, subcategory, price, original_price, pages, year, publisher, language, edition, format, condition, image, rating, verified, in_stock, stock_quantity, created_at, updated_at) VALUES (?, ?, ?, ?, ?, ?, ?, ?, ?, ?, ?, ?, ?, ?, ?, ?, ?, ?, ?, ?, ?, ?)]
[parameters: ('Cracking the Coding Interview', 'Chinmoy Mukherjee', '1532791577', 'A comprehensive book on Cracking the Coding Interview', 'UG', 'Data Structures', 497.0, 623.89, 544, 2015, 'Unknown', 'English', '3s Edition', 'e-book', 'Good', 'https://covers.openlibrary.org/b/isbn/1532791577-M.jpg', 4.9, 1, 1, 6, '2026-04-12 10:30:26.073208', '2026-04-12 10:30:26.073208')]
(Background on this error at: https://sqlalche.me/e/20/gkpj) (Background on this error at: https://sqlalche.me/e/20/7s2a)
2026-04-12 16:00:54,070 - INFO - [BookIngestion] -     ✓ Added: Algorithm design by Michael T. Goodrich
2026-04-12 16:00:54,574 - INFO - [BookIngestion] -     🔍 Searching for: Algorithmic Problem Solving
2026-04-12 16:00:57,978 - INFO - [BookIngestion] - ✓ Found 6 books for query: Algorithmic Problem Solving
2026-04-12 16:00:57,986 - ERROR - [BookIngestion] - Error checking if book exists: This Session's transaction has been rolled back due to a previous exception during flush. To begin a new transaction with this Session, first issue Session.rollback(). Original exception was: (raised as a result of Query-invoked autoflush; consider using a session.no_autoflush block if this flush is occurring prematurely)
(sqlite3.IntegrityError) UNIQUE constraint failed: books.isbn
[SQL: INSERT INTO books (title, author, isbn, description, category, subcategory, price, original_price, pages, year, publisher, language, edition, format, condition, image, rating, verified, in_stock, stock_quantity, created_at, updated_at) VALUES (?, ?, ?, ?, ?, ?, ?, ?, ?, ?, ?, ?, ?, ?, ?, ?, ?, ?, ?, ?, ?, ?)]
[parameters: ('Cracking the Coding Interview', 'Chinmoy Mukherjee', '1532791577', 'A comprehensive book on Cracking the Coding Interview', 'UG', 'Data Structures', 497.0, 623.89, 544, 2015, 'Unknown', 'English', '3s Edition', 'e-book', 'Good', 'https://covers.openlibrary.org/b/isbn/1532791577-M.jpg', 4.9, 1, 1, 6, '2026-04-12 10:30:26.073208', '2026-04-12 10:30:26.073208')]
(Background on this error at: https://sqlalche.me/e/20/gkpj) (Background on this error at: https://sqlalche.me/e/20/7s2a)
2026-04-12 16:01:05,641 - INFO - [BookIngestion] -     ✓ Added: Algorithmic Problem Solving by Roland C. Backhouse
2026-04-12 16:01:05,641 - ERROR - [BookIngestion] - Error checking if book exists: This Session's transaction has been rolled back due to a previous exception during flush. To begin a new transaction with this Session, first issue Session.rollback(). Original exception was: (raised as a result of Query-invoked autoflush; consider using a session.no_autoflush block if this flush is occurring prematurely)
(sqlite3.IntegrityError) UNIQUE constraint failed: books.isbn
[SQL: INSERT INTO books (title, author, isbn, description, category, subcategory, price, original_price, pages, year, publisher, language, edition, format, condition, image, rating, verified, in_stock, stock_quantity, created_at, updated_at) VALUES (?, ?, ?, ?, ?, ?, ?, ?, ?, ?, ?, ?, ?, ?, ?, ?, ?, ?, ?, ?, ?, ?)]
[parameters: ('Cracking the Coding Interview', 'Chinmoy Mukherjee', '1532791577', 'A comprehensive book on Cracking the Coding Interview', 'UG', 'Data Structures', 497.0, 623.89, 544, 2015, 'Unknown', 'English', '3s Edition', 'e-book', 'Good', 'https://covers.openlibrary.org/b/isbn/1532791577-M.jpg', 4.9, 1, 1, 6, '2026-04-12 10:30:26.073208', '2026-04-12 10:30:26.073208')]
(Background on this error at: https://sqlalche.me/e/20/gkpj) (Background on this error at: https://sqlalche.me/e/20/7s2a)
2026-04-12 16:01:12,680 - INFO - [BookIngestion] -     ✓ Added: Algorithmic problem solving by Roland C. Backhouse
2026-04-12 16:01:12,680 - ERROR - [BookIngestion] - Error checking if book exists: This Session's transaction has been rolled back due to a previous exception during flush. To begin a new transaction with this Session, first issue Session.rollback(). Original exception was: (raised as a result of Query-invoked autoflush; consider using a session.no_autoflush block if this flush is occurring prematurely)
(sqlite3.IntegrityError) UNIQUE constraint failed: books.isbn
[SQL: INSERT INTO books (title, author, isbn, description, category, subcategory, price, original_price, pages, year, publisher, language, edition, format, condition, image, rating, verified, in_stock, stock_quantity, created_at, updated_at) VALUES (?, ?, ?, ?, ?, ?, ?, ?, ?, ?, ?, ?, ?, ?, ?, ?, ?, ?, ?, ?, ?, ?)]
[parameters: ('Cracking the Coding Interview', 'Chinmoy Mukherjee', '1532791577', 'A comprehensive book on Cracking the Coding Interview', 'UG', 'Data Structures', 497.0, 623.89, 544, 2015, 'Unknown', 'English', '3s Edition', 'e-book', 'Good', 'https://covers.openlibrary.org/b/isbn/1532791577-M.jpg', 4.9, 1, 1, 6, '2026-04-12 10:30:26.073208', '2026-04-12 10:30:26.073208')]
(Background on this error at: https://sqlalche.me/e/20/gkpj) (Background on this error at: https://sqlalche.me/e/20/7s2a)
2026-04-12 16:01:17,237 - INFO - [BookIngestion] -     ✓ Added: Algorithmic Problem Solving by Wayne Ramirez
2026-04-12 16:01:17,237 - ERROR - [BookIngestion] - Error checking if book exists: This Session's transaction has been rolled back due to a previous exception during flush. To begin a new transaction with this Session, first issue Session.rollback(). Original exception was: (raised as a result of Query-invoked autoflush; consider using a session.no_autoflush block if this flush is occurring prematurely)
(sqlite3.IntegrityError) UNIQUE constraint failed: books.isbn
[SQL: INSERT INTO books (title, author, isbn, description, category, subcategory, price, original_price, pages, year, publisher, language, edition, format, condition, image, rating, verified, in_stock, stock_quantity, created_at, updated_at) VALUES (?, ?, ?, ?, ?, ?, ?, ?, ?, ?, ?, ?, ?, ?, ?, ?, ?, ?, ?, ?, ?, ?)]
[parameters: ('Cracking the Coding Interview', 'Chinmoy Mukherjee', '1532791577', 'A comprehensive book on Cracking the Coding Interview', 'UG', 'Data Structures', 497.0, 623.89, 544, 2015, 'Unknown', 'English', '3s Edition', 'e-book', 'Good', 'https://covers.openlibrary.org/b/isbn/1532791577-M.jpg', 4.9, 1, 1, 6, '2026-04-12 10:30:26.073208', '2026-04-12 10:30:26.073208')]
(Background on this error at: https://sqlalche.me/e/20/gkpj) (Background on this error at: https://sqlalche.me/e/20/7s2a)
2026-04-12 16:01:20,994 - INFO - [BookIngestion] -     ✓ Added: Artificial intelligence by Stuart J. Russell
2026-04-12 16:01:20,994 - ERROR - [BookIngestion] - Error checking if book exists: This Session's transaction has been rolled back due to a previous exception during flush. To begin a new transaction with this Session, first issue Session.rollback(). Original exception was: (raised as a result of Query-invoked autoflush; consider using a session.no_autoflush block if this flush is occurring prematurely)
(sqlite3.IntegrityError) UNIQUE constraint failed: books.isbn
[SQL: INSERT INTO books (title, author, isbn, description, category, subcategory, price, original_price, pages, year, publisher, language, edition, format, condition, image, rating, verified, in_stock, stock_quantity, created_at, updated_at) VALUES (?, ?, ?, ?, ?, ?, ?, ?, ?, ?, ?, ?, ?, ?, ?, ?, ?, ?, ?, ?, ?, ?)]
[parameters: ('Cracking the Coding Interview', 'Chinmoy Mukherjee', '1532791577', 'A comprehensive book on Cracking the Coding Interview', 'UG', 'Data Structures', 497.0, 623.89, 544, 2015, 'Unknown', 'English', '3s Edition', 'e-book', 'Good', 'https://covers.openlibrary.org/b/isbn/1532791577-M.jpg', 4.9, 1, 1, 6, '2026-04-12 10:30:26.073208', '2026-04-12 10:30:26.073208')]
(Background on this error at: https://sqlalche.me/e/20/gkpj) (Background on this error at: https://sqlalche.me/e/20/7s2a)
2026-04-12 16:01:25,153 - INFO - [BookIngestion] -     ✓ Added: Algorithms to Live By by Brian Christian
2026-04-12 16:01:25,153 - ERROR - [BookIngestion] - Error checking if book exists: This Session's transaction has been rolled back due to a previous exception during flush. To begin a new transaction with this Session, first issue Session.rollback(). Original exception was: (raised as a result of Query-invoked autoflush; consider using a session.no_autoflush block if this flush is occurring prematurely)
(sqlite3.IntegrityError) UNIQUE constraint failed: books.isbn
[SQL: INSERT INTO books (title, author, isbn, description, category, subcategory, price, original_price, pages, year, publisher, language, edition, format, condition, image, rating, verified, in_stock, stock_quantity, created_at, updated_at) VALUES (?, ?, ?, ?, ?, ?, ?, ?, ?, ?, ?, ?, ?, ?, ?, ?, ?, ?, ?, ?, ?, ?)]
[parameters: ('Cracking the Coding Interview', 'Chinmoy Mukherjee', '1532791577', 'A comprehensive book on Cracking the Coding Interview', 'UG', 'Data Structures', 497.0, 623.89, 544, 2015, 'Unknown', 'English', '3s Edition', 'e-book', 'Good', 'https://covers.openlibrary.org/b/isbn/1532791577-M.jpg', 4.9, 1, 1, 6, '2026-04-12 10:30:26.073208', '2026-04-12 10:30:26.073208')]
(Background on this error at: https://sqlalche.me/e/20/gkpj) (Background on this error at: https://sqlalche.me/e/20/7s2a)
2026-04-12 16:01:28,506 - INFO - [BookIngestion] -     ✓ Added: Algorithms by Blake A. Hoena
2026-04-12 16:01:29,013 - INFO - [BookIngestion] -     🔍 Searching for: The Art of Computer Programming
2026-04-12 16:01:33,056 - INFO - [BookIngestion] - ✓ Found 6 books for query: The Art of Computer Programming
2026-04-12 16:01:33,056 - ERROR - [BookIngestion] - Error checking if book exists: This Session's transaction has been rolled back due to a previous exception during flush. To begin a new transaction with this Session, first issue Session.rollback(). Original exception was: (raised as a result of Query-invoked autoflush; consider using a session.no_autoflush block if this flush is occurring prematurely)
(sqlite3.IntegrityError) UNIQUE constraint failed: books.isbn
[SQL: INSERT INTO books (title, author, isbn, description, category, subcategory, price, original_price, pages, year, publisher, language, edition, format, condition, image, rating, verified, in_stock, stock_quantity, created_at, updated_at) VALUES (?, ?, ?, ?, ?, ?, ?, ?, ?, ?, ?, ?, ?, ?, ?, ?, ?, ?, ?, ?, ?, ?)]
[parameters: ('Cracking the Coding Interview', 'Chinmoy Mukherjee', '1532791577', 'A comprehensive book on Cracking the Coding Interview', 'UG', 'Data Structures', 497.0, 623.89, 544, 2015, 'Unknown', 'English', '3s Edition', 'e-book', 'Good', 'https://covers.openlibrary.org/b/isbn/1532791577-M.jpg', 4.9, 1, 1, 6, '2026-04-12 10:30:26.073208', '2026-04-12 10:30:26.073208')]
(Background on this error at: https://sqlalche.me/e/20/gkpj) (Background on this error at: https://sqlalche.me/e/20/7s2a)
2026-04-12 16:01:37,206 - INFO - [BookIngestion] -     ✓ Added: The art of computer programming by Donald Knuth
2026-04-12 16:01:37,206 - ERROR - [BookIngestion] - Error checking if book exists: This Session's transaction has been rolled back due to a previous exception during flush. To begin a new transaction with this Session, first issue Session.rollback(). Original exception was: (raised as a result of Query-invoked autoflush; consider using a session.no_autoflush block if this flush is occurring prematurely)
(sqlite3.IntegrityError) UNIQUE constraint failed: books.isbn
[SQL: INSERT INTO books (title, author, isbn, description, category, subcategory, price, original_price, pages, year, publisher, language, edition, format, condition, image, rating, verified, in_stock, stock_quantity, created_at, updated_at) VALUES (?, ?, ?, ?, ?, ?, ?, ?, ?, ?, ?, ?, ?, ?, ?, ?, ?, ?, ?, ?, ?, ?)]
[parameters: ('Cracking the Coding Interview', 'Chinmoy Mukherjee', '1532791577', 'A comprehensive book on Cracking the Coding Interview', 'UG', 'Data Structures', 497.0, 623.89, 544, 2015, 'Unknown', 'English', '3s Edition', 'e-book', 'Good', 'https://covers.openlibrary.org/b/isbn/1532791577-M.jpg', 4.9, 1, 1, 6, '2026-04-12 10:30:26.073208', '2026-04-12 10:30:26.073208')]
(Background on this error at: https://sqlalche.me/e/20/gkpj) (Background on this error at: https://sqlalche.me/e/20/7s2a)
2026-04-12 16:01:41,744 - INFO - [BookIngestion] -     ✓ Added: The art of computer programming by Donald Knuth
2026-04-12 16:01:41,744 - ERROR - [BookIngestion] - Error checking if book exists: This Session's transaction has been rolled back due to a previous exception during flush. To begin a new transaction with this Session, first issue Session.rollback(). Original exception was: (raised as a result of Query-invoked autoflush; consider using a session.no_autoflush block if this flush is occurring prematurely)
(sqlite3.IntegrityError) UNIQUE constraint failed: books.isbn
[SQL: INSERT INTO books (title, author, isbn, description, category, subcategory, price, original_price, pages, year, publisher, language, edition, format, condition, image, rating, verified, in_stock, stock_quantity, created_at, updated_at) VALUES (?, ?, ?, ?, ?, ?, ?, ?, ?, ?, ?, ?, ?, ?, ?, ?, ?, ?, ?, ?, ?, ?)]
[parameters: ('Cracking the Coding Interview', 'Chinmoy Mukherjee', '1532791577', 'A comprehensive book on Cracking the Coding Interview', 'UG', 'Data Structures', 497.0, 623.89, 544, 2015, 'Unknown', 'English', '3s Edition', 'e-book', 'Good', 'https://covers.openlibrary.org/b/isbn/1532791577-M.jpg', 4.9, 1, 1, 6, '2026-04-12 10:30:26.073208', '2026-04-12 10:30:26.073208')]
(Background on this error at: https://sqlalche.me/e/20/gkpj) (Background on this error at: https://sqlalche.me/e/20/7s2a)
2026-04-12 16:01:46,497 - INFO - [BookIngestion] -     ✓ Added: The art of computer programming by Donald William Drury
2026-04-12 16:01:46,510 - ERROR - [BookIngestion] - Error checking if book exists: This Session's transaction has been rolled back due to a previous exception during flush. To begin a new transaction with this Session, first issue Session.rollback(). Original exception was: (raised as a result of Query-invoked autoflush; consider using a session.no_autoflush block if this flush is occurring prematurely)
(sqlite3.IntegrityError) UNIQUE constraint failed: books.isbn
[SQL: INSERT INTO books (title, author, isbn, description, category, subcategory, price, original_price, pages, year, publisher, language, edition, format, condition, image, rating, verified, in_stock, stock_quantity, created_at, updated_at) VALUES (?, ?, ?, ?, ?, ?, ?, ?, ?, ?, ?, ?, ?, ?, ?, ?, ?, ?, ?, ?, ?, ?)]
[parameters: ('Cracking the Coding Interview', 'Chinmoy Mukherjee', '1532791577', 'A comprehensive book on Cracking the Coding Interview', 'UG', 'Data Structures', 497.0, 623.89, 544, 2015, 'Unknown', 'English', '3s Edition', 'e-book', 'Good', 'https://covers.openlibrary.org/b/isbn/1532791577-M.jpg', 4.9, 1, 1, 6, '2026-04-12 10:30:26.073208', '2026-04-12 10:30:26.073208')]
(Background on this error at: https://sqlalche.me/e/20/gkpj) (Background on this error at: https://sqlalche.me/e/20/7s2a)
2026-04-12 16:01:50,127 - INFO - [BookIngestion] -     ✓ Added: The art of computer programming by Donald Knuth
2026-04-12 16:01:50,127 - ERROR - [BookIngestion] - Error checking if book exists: This Session's transaction has been rolled back due to a previous exception during flush. To begin a new transaction with this Session, first issue Session.rollback(). Original exception was: (raised as a result of Query-invoked autoflush; consider using a session.no_autoflush block if this flush is occurring prematurely)
(sqlite3.IntegrityError) UNIQUE constraint failed: books.isbn
[SQL: INSERT INTO books (title, author, isbn, description, category, subcategory, price, original_price, pages, year, publisher, language, edition, format, condition, image, rating, verified, in_stock, stock_quantity, created_at, updated_at) VALUES (?, ?, ?, ?, ?, ?, ?, ?, ?, ?, ?, ?, ?, ?, ?, ?, ?, ?, ?, ?, ?, ?)]
[parameters: ('Cracking the Coding Interview', 'Chinmoy Mukherjee', '1532791577', 'A comprehensive book on Cracking the Coding Interview', 'UG', 'Data Structures', 497.0, 623.89, 544, 2015, 'Unknown', 'English', '3s Edition', 'e-book', 'Good', 'https://covers.openlibrary.org/b/isbn/1532791577-M.jpg', 4.9, 1, 1, 6, '2026-04-12 10:30:26.073208', '2026-04-12 10:30:26.073208')]
(Background on this error at: https://sqlalche.me/e/20/gkpj) (Background on this error at: https://sqlalche.me/e/20/7s2a)
2026-04-12 16:01:53,784 - INFO - [BookIngestion] -     ✓ Added: The art of computer programming by Donald Ervin Knuth
2026-04-12 16:01:53,784 - ERROR - [BookIngestion] - Error checking if book exists: This Session's transaction has been rolled back due to a previous exception during flush. To begin a new transaction with this Session, first issue Session.rollback(). Original exception was: (raised as a result of Query-invoked autoflush; consider using a session.no_autoflush block if this flush is occurring prematurely)
(sqlite3.IntegrityError) UNIQUE constraint failed: books.isbn
[SQL: INSERT INTO books (title, author, isbn, description, category, subcategory, price, original_price, pages, year, publisher, language, edition, format, condition, image, rating, verified, in_stock, stock_quantity, created_at, updated_at) VALUES (?, ?, ?, ?, ?, ?, ?, ?, ?, ?, ?, ?, ?, ?, ?, ?, ?, ?, ?, ?, ?, ?)]
[parameters: ('Cracking the Coding Interview', 'Chinmoy Mukherjee', '1532791577', 'A comprehensive book on Cracking the Coding Interview', 'UG', 'Data Structures', 497.0, 623.89, 544, 2015, 'Unknown', 'English', '3s Edition', 'e-book', 'Good', 'https://covers.openlibrary.org/b/isbn/1532791577-M.jpg', 4.9, 1, 1, 6, '2026-04-12 10:30:26.073208', '2026-04-12 10:30:26.073208')]
(Background on this error at: https://sqlalche.me/e/20/gkpj) (Background on this error at: https://sqlalche.me/e/20/7s2a)
2026-04-12 16:01:58,130 - INFO - [BookIngestion] -     ✓ Added: Advances in Computers, Volume 49 (Advances in Computers) by Marvin V. Zelkowitz
2026-04-12 16:01:58,644 - INFO - [BookIngestion] -     🔍 Searching for: Grokking Algorithms
2026-04-12 16:01:59,428 - INFO - [BookIngestion] - ✓ Found 5 books for query: Grokking Algorithms
2026-04-12 16:01:59,430 - ERROR - [BookIngestion] - Error checking if book exists: This Session's transaction has been rolled back due to a previous exception during flush. To begin a new transaction with this Session, first issue Session.rollback(). Original exception was: (raised as a result of Query-invoked autoflush; consider using a session.no_autoflush block if this flush is occurring prematurely)
(sqlite3.IntegrityError) UNIQUE constraint failed: books.isbn
[SQL: INSERT INTO books (title, author, isbn, description, category, subcategory, price, original_price, pages, year, publisher, language, edition, format, condition, image, rating, verified, in_stock, stock_quantity, created_at, updated_at) VALUES (?, ?, ?, ?, ?, ?, ?, ?, ?, ?, ?, ?, ?, ?, ?, ?, ?, ?, ?, ?, ?, ?)]
[parameters: ('Cracking the Coding Interview', 'Chinmoy Mukherjee', '1532791577', 'A comprehensive book on Cracking the Coding Interview', 'UG', 'Data Structures', 497.0, 623.89, 544, 2015, 'Unknown', 'English', '3s Edition', 'e-book', 'Good', 'https://covers.openlibrary.org/b/isbn/1532791577-M.jpg', 4.9, 1, 1, 6, '2026-04-12 10:30:26.073208', '2026-04-12 10:30:26.073208')]
(Background on this error at: https://sqlalche.me/e/20/gkpj) (Background on this error at: https://sqlalche.me/e/20/7s2a)
2026-04-12 16:02:03,469 - INFO - [BookIngestion] -     ✓ Added: Grokking Algorithms by Aditya Y. Bhargava
2026-04-12 16:02:03,469 - ERROR - [BookIngestion] - Error checking if book exists: This Session's transaction has been rolled back due to a previous exception during flush. To begin a new transaction with this Session, first issue Session.rollback(). Original exception was: (raised as a result of Query-invoked autoflush; consider using a session.no_autoflush block if this flush is occurring prematurely)
(sqlite3.IntegrityError) UNIQUE constraint failed: books.isbn
[SQL: INSERT INTO books (title, author, isbn, description, category, subcategory, price, original_price, pages, year, publisher, language, edition, format, condition, image, rating, verified, in_stock, stock_quantity, created_at, updated_at) VALUES (?, ?, ?, ?, ?, ?, ?, ?, ?, ?, ?, ?, ?, ?, ?, ?, ?, ?, ?, ?, ?, ?)]
[parameters: ('Cracking the Coding Interview', 'Chinmoy Mukherjee', '1532791577', 'A comprehensive book on Cracking the Coding Interview', 'UG', 'Data Structures', 497.0, 623.89, 544, 2015, 'Unknown', 'English', '3s Edition', 'e-book', 'Good', 'https://covers.openlibrary.org/b/isbn/1532791577-M.jpg', 4.9, 1, 1, 6, '2026-04-12 10:30:26.073208', '2026-04-12 10:30:26.073208')]
(Background on this error at: https://sqlalche.me/e/20/gkpj) (Background on this error at: https://sqlalche.me/e/20/7s2a)
2026-04-12 16:02:07,414 - INFO - [BookIngestion] -     ✓ Added: Grokking Algorithms: An illustrated guide for programmers and other curious people by Aditya Y. Bhargava
2026-04-12 16:02:07,414 - ERROR - [BookIngestion] - Error checking if book exists: This Session's transaction has been rolled back due to a previous exception during flush. To begin a new transaction with this Session, first issue Session.rollback(). Original exception was: (raised as a result of Query-invoked autoflush; consider using a session.no_autoflush block if this flush is occurring prematurely)
(sqlite3.IntegrityError) UNIQUE constraint failed: books.isbn
[SQL: INSERT INTO books (title, author, isbn, description, category, subcategory, price, original_price, pages, year, publisher, language, edition, format, condition, image, rating, verified, in_stock, stock_quantity, created_at, updated_at) VALUES (?, ?, ?, ?, ?, ?, ?, ?, ?, ?, ?, ?, ?, ?, ?, ?, ?, ?, ?, ?, ?, ?)]
[parameters: ('Cracking the Coding Interview', 'Chinmoy Mukherjee', '1532791577', 'A comprehensive book on Cracking the Coding Interview', 'UG', 'Data Structures', 497.0, 623.89, 544, 2015, 'Unknown', 'English', '3s Edition', 'e-book', 'Good', 'https://covers.openlibrary.org/b/isbn/1532791577-M.jpg', 4.9, 1, 1, 6, '2026-04-12 10:30:26.073208', '2026-04-12 10:30:26.073208')]
(Background on this error at: https://sqlalche.me/e/20/gkpj) (Background on this error at: https://sqlalche.me/e/20/7s2a)
2026-04-12 16:02:10,374 - INFO - [BookIngestion] -     ✓ Added: Grokking Algorithms by Eric Schmidt
2026-04-12 16:02:10,374 - ERROR - [BookIngestion] - Error checking if book exists: This Session's transaction has been rolled back due to a previous exception during flush. To begin a new transaction with this Session, first issue Session.rollback(). Original exception was: (raised as a result of Query-invoked autoflush; consider using a session.no_autoflush block if this flush is occurring prematurely)
(sqlite3.IntegrityError) UNIQUE constraint failed: books.isbn
[SQL: INSERT INTO books (title, author, isbn, description, category, subcategory, price, original_price, pages, year, publisher, language, edition, format, condition, image, rating, verified, in_stock, stock_quantity, created_at, updated_at) VALUES (?, ?, ?, ?, ?, ?, ?, ?, ?, ?, ?, ?, ?, ?, ?, ?, ?, ?, ?, ?, ?, ?)]
[parameters: ('Cracking the Coding Interview', 'Chinmoy Mukherjee', '1532791577', 'A comprehensive book on Cracking the Coding Interview', 'UG', 'Data Structures', 497.0, 623.89, 544, 2015, 'Unknown', 'English', '3s Edition', 'e-book', 'Good', 'https://covers.openlibrary.org/b/isbn/1532791577-M.jpg', 4.9, 1, 1, 6, '2026-04-12 10:30:26.073208', '2026-04-12 10:30:26.073208')]
(Background on this error at: https://sqlalche.me/e/20/gkpj) (Background on this error at: https://sqlalche.me/e/20/7s2a)
2026-04-12 16:02:15,537 - INFO - [BookIngestion] -     ✓ Added: Grokking Algorithms, Second Edition by Aditya Y. Bhargava
2026-04-12 16:02:15,537 - ERROR - [BookIngestion] - Error checking if book exists: This Session's transaction has been rolled back due to a previous exception during flush. To begin a new transaction with this Session, first issue Session.rollback(). Original exception was: (raised as a result of Query-invoked autoflush; consider using a session.no_autoflush block if this flush is occurring prematurely)
(sqlite3.IntegrityError) UNIQUE constraint failed: books.isbn
[SQL: INSERT INTO books (title, author, isbn, description, category, subcategory, price, original_price, pages, year, publisher, language, edition, format, condition, image, rating, verified, in_stock, stock_quantity, created_at, updated_at) VALUES (?, ?, ?, ?, ?, ?, ?, ?, ?, ?, ?, ?, ?, ?, ?, ?, ?, ?, ?, ?, ?, ?)]
[parameters: ('Cracking the Coding Interview', 'Chinmoy Mukherjee', '1532791577', 'A comprehensive book on Cracking the Coding Interview', 'UG', 'Data Structures', 497.0, 623.89, 544, 2015, 'Unknown', 'English', '3s Edition', 'e-book', 'Good', 'https://covers.openlibrary.org/b/isbn/1532791577-M.jpg', 4.9, 1, 1, 6, '2026-04-12 10:30:26.073208', '2026-04-12 10:30:26.073208')]
(Background on this error at: https://sqlalche.me/e/20/gkpj) (Background on this error at: https://sqlalche.me/e/20/7s2a)
2026-04-12 16:02:18,927 - INFO - [BookIngestion] -     ✓ Added: Grokking Artificial Intelligence Algorithms by Rishal Hurbans
2026-04-12 16:02:19,439 - INFO - [BookIngestion] -   📖 Subcategory: DBMS
2026-04-12 16:02:19,439 - INFO - [BookIngestion] -     🔍 Searching for: Database Systems
2026-04-12 16:02:22,541 - INFO - [BookIngestion] - ✓ Found 6 books for query: Database Systems
2026-04-12 16:02:22,541 - ERROR - [BookIngestion] - Error checking if book exists: This Session's transaction has been rolled back due to a previous exception during flush. To begin a new transaction with this Session, first issue Session.rollback(). Original exception was: (raised as a result of Query-invoked autoflush; consider using a session.no_autoflush block if this flush is occurring prematurely)
(sqlite3.IntegrityError) UNIQUE constraint failed: books.isbn
[SQL: INSERT INTO books (title, author, isbn, description, category, subcategory, price, original_price, pages, year, publisher, language, edition, format, condition, image, rating, verified, in_stock, stock_quantity, created_at, updated_at) VALUES (?, ?, ?, ?, ?, ?, ?, ?, ?, ?, ?, ?, ?, ?, ?, ?, ?, ?, ?, ?, ?, ?)]
[parameters: ('Cracking the Coding Interview', 'Chinmoy Mukherjee', '1532791577', 'A comprehensive book on Cracking the Coding Interview', 'UG', 'Data Structures', 497.0, 623.89, 544, 2015, 'Unknown', 'English', '3s Edition', 'e-book', 'Good', 'https://covers.openlibrary.org/b/isbn/1532791577-M.jpg', 4.9, 1, 1, 6, '2026-04-12 10:30:26.073208', '2026-04-12 10:30:26.073208')]
(Background on this error at: https://sqlalche.me/e/20/gkpj) (Background on this error at: https://sqlalche.me/e/20/7s2a)
2026-04-12 16:02:24,771 - INFO - [BookIngestion] -     ✓ Added: Database system concepts by Abraham Silberschatz
2026-04-12 16:02:24,771 - ERROR - [BookIngestion] - Error checking if book exists: This Session's transaction has been rolled back due to a previous exception during flush. To begin a new transaction with this Session, first issue Session.rollback(). Original exception was: (raised as a result of Query-invoked autoflush; consider using a session.no_autoflush block if this flush is occurring prematurely)
(sqlite3.IntegrityError) UNIQUE constraint failed: books.isbn
[SQL: INSERT INTO books (title, author, isbn, description, category, subcategory, price, original_price, pages, year, publisher, language, edition, format, condition, image, rating, verified, in_stock, stock_quantity, created_at, updated_at) VALUES (?, ?, ?, ?, ?, ?, ?, ?, ?, ?, ?, ?, ?, ?, ?, ?, ?, ?, ?, ?, ?, ?)]
[parameters: ('Cracking the Coding Interview', 'Chinmoy Mukherjee', '1532791577', 'A comprehensive book on Cracking the Coding Interview', 'UG', 'Data Structures', 497.0, 623.89, 544, 2015, 'Unknown', 'English', '3s Edition', 'e-book', 'Good', 'https://covers.openlibrary.org/b/isbn/1532791577-M.jpg', 4.9, 1, 1, 6, '2026-04-12 10:30:26.073208', '2026-04-12 10:30:26.073208')]
(Background on this error at: https://sqlalche.me/e/20/gkpj) (Background on this error at: https://sqlalche.me/e/20/7s2a)
2026-04-12 16:02:28,953 - INFO - [BookIngestion] -     ✓ Added: Fundamentals of database systems by Ramez Elmasri
2026-04-12 16:02:28,953 - ERROR - [BookIngestion] - Error checking if book exists: This Session's transaction has been rolled back due to a previous exception during flush. To begin a new transaction with this Session, first issue Session.rollback(). Original exception was: (raised as a result of Query-invoked autoflush; consider using a session.no_autoflush block if this flush is occurring prematurely)
(sqlite3.IntegrityError) UNIQUE constraint failed: books.isbn
[SQL: INSERT INTO books (title, author, isbn, description, category, subcategory, price, original_price, pages, year, publisher, language, edition, format, condition, image, rating, verified, in_stock, stock_quantity, created_at, updated_at) VALUES (?, ?, ?, ?, ?, ?, ?, ?, ?, ?, ?, ?, ?, ?, ?, ?, ?, ?, ?, ?, ?, ?)]
[parameters: ('Cracking the Coding Interview', 'Chinmoy Mukherjee', '1532791577', 'A comprehensive book on Cracking the Coding Interview', 'UG', 'Data Structures', 497.0, 623.89, 544, 2015, 'Unknown', 'English', '3s Edition', 'e-book', 'Good', 'https://covers.openlibrary.org/b/isbn/1532791577-M.jpg', 4.9, 1, 1, 6, '2026-04-12 10:30:26.073208', '2026-04-12 10:30:26.073208')]
(Background on this error at: https://sqlalche.me/e/20/gkpj) (Background on this error at: https://sqlalche.me/e/20/7s2a)
2026-04-12 16:02:32,765 - INFO - [BookIngestion] -     ✓ Added: A first course in database systems by Jeffrey D. Ullman
2026-04-12 16:02:32,765 - ERROR - [BookIngestion] - Error checking if book exists: This Session's transaction has been rolled back due to a previous exception during flush. To begin a new transaction with this Session, first issue Session.rollback(). Original exception was: (raised as a result of Query-invoked autoflush; consider using a session.no_autoflush block if this flush is occurring prematurely)
(sqlite3.IntegrityError) UNIQUE constraint failed: books.isbn
[SQL: INSERT INTO books (title, author, isbn, description, category, subcategory, price, original_price, pages, year, publisher, language, edition, format, condition, image, rating, verified, in_stock, stock_quantity, created_at, updated_at) VALUES (?, ?, ?, ?, ?, ?, ?, ?, ?, ?, ?, ?, ?, ?, ?, ?, ?, ?, ?, ?, ?, ?)]
[parameters: ('Cracking the Coding Interview', 'Chinmoy Mukherjee', '1532791577', 'A comprehensive book on Cracking the Coding Interview', 'UG', 'Data Structures', 497.0, 623.89, 544, 2015, 'Unknown', 'English', '3s Edition', 'e-book', 'Good', 'https://covers.openlibrary.org/b/isbn/1532791577-M.jpg', 4.9, 1, 1, 6, '2026-04-12 10:30:26.073208', '2026-04-12 10:30:26.073208')]
(Background on this error at: https://sqlalche.me/e/20/gkpj) (Background on this error at: https://sqlalche.me/e/20/7s2a)
2026-04-12 16:02:35,209 - INFO - [BookIngestion] -     ✓ Added: Management information systems by Kenneth C. Laudon
2026-04-12 16:02:35,209 - ERROR - [BookIngestion] - Error checking if book exists: This Session's transaction has been rolled back due to a previous exception during flush. To begin a new transaction with this Session, first issue Session.rollback(). Original exception was: (raised as a result of Query-invoked autoflush; consider using a session.no_autoflush block if this flush is occurring prematurely)
(sqlite3.IntegrityError) UNIQUE constraint failed: books.isbn
[SQL: INSERT INTO books (title, author, isbn, description, category, subcategory, price, original_price, pages, year, publisher, language, edition, format, condition, image, rating, verified, in_stock, stock_quantity, created_at, updated_at) VALUES (?, ?, ?, ?, ?, ?, ?, ?, ?, ?, ?, ?, ?, ?, ?, ?, ?, ?, ?, ?, ?, ?)]
[parameters: ('Cracking the Coding Interview', 'Chinmoy Mukherjee', '1532791577', 'A comprehensive book on Cracking the Coding Interview', 'UG', 'Data Structures', 497.0, 623.89, 544, 2015, 'Unknown', 'English', '3s Edition', 'e-book', 'Good', 'https://covers.openlibrary.org/b/isbn/1532791577-M.jpg', 4.9, 1, 1, 6, '2026-04-12 10:30:26.073208', '2026-04-12 10:30:26.073208')]
(Background on this error at: https://sqlalche.me/e/20/gkpj) (Background on this error at: https://sqlalche.me/e/20/7s2a)
2026-04-12 16:02:39,249 - INFO - [BookIngestion] -     ✓ Added: Database systems by Peter Rob
2026-04-12 16:02:39,249 - ERROR - [BookIngestion] - Error checking if book exists: This Session's transaction has been rolled back due to a previous exception during flush. To begin a new transaction with this Session, first issue Session.rollback(). Original exception was: (raised as a result of Query-invoked autoflush; consider using a session.no_autoflush block if this flush is occurring prematurely)
(sqlite3.IntegrityError) UNIQUE constraint failed: books.isbn
[SQL: INSERT INTO books (title, author, isbn, description, category, subcategory, price, original_price, pages, year, publisher, language, edition, format, condition, image, rating, verified, in_stock, stock_quantity, created_at, updated_at) VALUES (?, ?, ?, ?, ?, ?, ?, ?, ?, ?, ?, ?, ?, ?, ?, ?, ?, ?, ?, ?, ?, ?)]
[parameters: ('Cracking the Coding Interview', 'Chinmoy Mukherjee', '1532791577', 'A comprehensive book on Cracking the Coding Interview', 'UG', 'Data Structures', 497.0, 623.89, 544, 2015, 'Unknown', 'English', '3s Edition', 'e-book', 'Good', 'https://covers.openlibrary.org/b/isbn/1532791577-M.jpg', 4.9, 1, 1, 6, '2026-04-12 10:30:26.073208', '2026-04-12 10:30:26.073208')]
(Background on this error at: https://sqlalche.me/e/20/gkpj) (Background on this error at: https://sqlalche.me/e/20/7s2a)
2026-04-12 16:02:42,224 - INFO - [BookIngestion] -     ✓ Added: Database Systems by Paul Beynon-Davies
2026-04-12 16:02:42,739 - INFO - [BookIngestion] -     🔍 Searching for: SQL Performance
2026-04-12 16:02:43,660 - INFO - [BookIngestion] - ✓ Found 6 books for query: SQL Performance
2026-04-12 16:02:43,669 - ERROR - [BookIngestion] - Error checking if book exists: This Session's transaction has been rolled back due to a previous exception during flush. To begin a new transaction with this Session, first issue Session.rollback(). Original exception was: (raised as a result of Query-invoked autoflush; consider using a session.no_autoflush block if this flush is occurring prematurely)
(sqlite3.IntegrityError) UNIQUE constraint failed: books.isbn
[SQL: INSERT INTO books (title, author, isbn, description, category, subcategory, price, original_price, pages, year, publisher, language, edition, format, condition, image, rating, verified, in_stock, stock_quantity, created_at, updated_at) VALUES (?, ?, ?, ?, ?, ?, ?, ?, ?, ?, ?, ?, ?, ?, ?, ?, ?, ?, ?, ?, ?, ?)]
[parameters: ('Cracking the Coding Interview', 'Chinmoy Mukherjee', '1532791577', 'A comprehensive book on Cracking the Coding Interview', 'UG', 'Data Structures', 497.0, 623.89, 544, 2015, 'Unknown', 'English', '3s Edition', 'e-book', 'Good', 'https://covers.openlibrary.org/b/isbn/1532791577-M.jpg', 4.9, 1, 1, 6, '2026-04-12 10:30:26.073208', '2026-04-12 10:30:26.073208')]
(Background on this error at: https://sqlalche.me/e/20/gkpj) (Background on this error at: https://sqlalche.me/e/20/7s2a)
2026-04-12 16:02:46,546 - INFO - [BookIngestion] -     ✓ Added: SQL Performance Explained by Unknown
2026-04-12 16:02:46,546 - ERROR - [BookIngestion] - Error checking if book exists: This Session's transaction has been rolled back due to a previous exception during flush. To begin a new transaction with this Session, first issue Session.rollback(). Original exception was: (raised as a result of Query-invoked autoflush; consider using a session.no_autoflush block if this flush is occurring prematurely)
(sqlite3.IntegrityError) UNIQUE constraint failed: books.isbn
[SQL: INSERT INTO books (title, author, isbn, description, category, subcategory, price, original_price, pages, year, publisher, language, edition, format, condition, image, rating, verified, in_stock, stock_quantity, created_at, updated_at) VALUES (?, ?, ?, ?, ?, ?, ?, ?, ?, ?, ?, ?, ?, ?, ?, ?, ?, ?, ?, ?, ?, ?)]
[parameters: ('Cracking the Coding Interview', 'Chinmoy Mukherjee', '1532791577', 'A comprehensive book on Cracking the Coding Interview', 'UG', 'Data Structures', 497.0, 623.89, 544, 2015, 'Unknown', 'English', '3s Edition', 'e-book', 'Good', 'https://covers.openlibrary.org/b/isbn/1532791577-M.jpg', 4.9, 1, 1, 6, '2026-04-12 10:30:26.073208', '2026-04-12 10:30:26.073208')]
(Background on this error at: https://sqlalche.me/e/20/gkpj) (Background on this error at: https://sqlalche.me/e/20/7s2a)
2026-04-12 16:02:50,648 - INFO - [BookIngestion] -     ✓ Added: SQL Performance Explained Everything Developers Need to Know about SQL Performance by Markus Winand
2026-04-12 16:02:50,648 - ERROR - [BookIngestion] - Error checking if book exists: This Session's transaction has been rolled back due to a previous exception during flush. To begin a new transaction with this Session, first issue Session.rollback(). Original exception was: (raised as a result of Query-invoked autoflush; consider using a session.no_autoflush block if this flush is occurring prematurely)
(sqlite3.IntegrityError) UNIQUE constraint failed: books.isbn
[SQL: INSERT INTO books (title, author, isbn, description, category, subcategory, price, original_price, pages, year, publisher, language, edition, format, condition, image, rating, verified, in_stock, stock_quantity, created_at, updated_at) VALUES (?, ?, ?, ?, ?, ?, ?, ?, ?, ?, ?, ?, ?, ?, ?, ?, ?, ?, ?, ?, ?, ?)]
[parameters: ('Cracking the Coding Interview', 'Chinmoy Mukherjee', '1532791577', 'A comprehensive book on Cracking the Coding Interview', 'UG', 'Data Structures', 497.0, 623.89, 544, 2015, 'Unknown', 'English', '3s Edition', 'e-book', 'Good', 'https://covers.openlibrary.org/b/isbn/1532791577-M.jpg', 4.9, 1, 1, 6, '2026-04-12 10:30:26.073208', '2026-04-12 10:30:26.073208')]
(Background on this error at: https://sqlalche.me/e/20/gkpj) (Background on this error at: https://sqlalche.me/e/20/7s2a)
2026-04-12 16:02:54,716 - INFO - [BookIngestion] -     ✓ Added: SQL Performance Explained by Markus Winand
2026-04-12 16:02:54,725 - ERROR - [BookIngestion] - Error checking if book exists: This Session's transaction has been rolled back due to a previous exception during flush. To begin a new transaction with this Session, first issue Session.rollback(). Original exception was: (raised as a result of Query-invoked autoflush; consider using a session.no_autoflush block if this flush is occurring prematurely)
(sqlite3.IntegrityError) UNIQUE constraint failed: books.isbn
[SQL: INSERT INTO books (title, author, isbn, description, category, subcategory, price, original_price, pages, year, publisher, language, edition, format, condition, image, rating, verified, in_stock, stock_quantity, created_at, updated_at) VALUES (?, ?, ?, ?, ?, ?, ?, ?, ?, ?, ?, ?, ?, ?, ?, ?, ?, ?, ?, ?, ?, ?)]
[parameters: ('Cracking the Coding Interview', 'Chinmoy Mukherjee', '1532791577', 'A comprehensive book on Cracking the Coding Interview', 'UG', 'Data Structures', 497.0, 623.89, 544, 2015, 'Unknown', 'English', '3s Edition', 'e-book', 'Good', 'https://covers.openlibrary.org/b/isbn/1532791577-M.jpg', 4.9, 1, 1, 6, '2026-04-12 10:30:26.073208', '2026-04-12 10:30:26.073208')]
(Background on this error at: https://sqlalche.me/e/20/gkpj) (Background on this error at: https://sqlalche.me/e/20/7s2a)
2026-04-12 16:02:58,320 - INFO - [BookIngestion] -     ✓ Added: SQL performance tuning by Peter Gulutzan
2026-04-12 16:02:58,320 - ERROR - [BookIngestion] - Error checking if book exists: This Session's transaction has been rolled back due to a previous exception during flush. To begin a new transaction with this Session, first issue Session.rollback(). Original exception was: (raised as a result of Query-invoked autoflush; consider using a session.no_autoflush block if this flush is occurring prematurely)
(sqlite3.IntegrityError) UNIQUE constraint failed: books.isbn
[SQL: INSERT INTO books (title, author, isbn, description, category, subcategory, price, original_price, pages, year, publisher, language, edition, format, condition, image, rating, verified, in_stock, stock_quantity, created_at, updated_at) VALUES (?, ?, ?, ?, ?, ?, ?, ?, ?, ?, ?, ?, ?, ?, ?, ?, ?, ?, ?, ?, ?, ?)]
[parameters: ('Cracking the Coding Interview', 'Chinmoy Mukherjee', '1532791577', 'A comprehensive book on Cracking the Coding Interview', 'UG', 'Data Structures', 497.0, 623.89, 544, 2015, 'Unknown', 'English', '3s Edition', 'e-book', 'Good', 'https://covers.openlibrary.org/b/isbn/1532791577-M.jpg', 4.9, 1, 1, 6, '2026-04-12 10:30:26.073208', '2026-04-12 10:30:26.073208')]
(Background on this error at: https://sqlalche.me/e/20/gkpj) (Background on this error at: https://sqlalche.me/e/20/7s2a)
2026-04-12 16:03:00,660 - INFO - [BookIngestion] -     ✓ Added: SQL Performance Tuning by Kiet Huynh
2026-04-12 16:03:00,660 - ERROR - [BookIngestion] - Error checking if book exists: This Session's transaction has been rolled back due to a previous exception during flush. To begin a new transaction with this Session, first issue Session.rollback(). Original exception was: (raised as a result of Query-invoked autoflush; consider using a session.no_autoflush block if this flush is occurring prematurely)
(sqlite3.IntegrityError) UNIQUE constraint failed: books.isbn
[SQL: INSERT INTO books (title, author, isbn, description, category, subcategory, price, original_price, pages, year, publisher, language, edition, format, condition, image, rating, verified, in_stock, stock_quantity, created_at, updated_at) VALUES (?, ?, ?, ?, ?, ?, ?, ?, ?, ?, ?, ?, ?, ?, ?, ?, ?, ?, ?, ?, ?, ?)]
[parameters: ('Cracking the Coding Interview', 'Chinmoy Mukherjee', '1532791577', 'A comprehensive book on Cracking the Coding Interview', 'UG', 'Data Structures', 497.0, 623.89, 544, 2015, 'Unknown', 'English', '3s Edition', 'e-book', 'Good', 'https://covers.openlibrary.org/b/isbn/1532791577-M.jpg', 4.9, 1, 1, 6, '2026-04-12 10:30:26.073208', '2026-04-12 10:30:26.073208')]
(Background on this error at: https://sqlalche.me/e/20/gkpj) (Background on this error at: https://sqlalche.me/e/20/7s2a)
2026-04-12 16:03:03,943 - INFO - [BookIngestion] -     ✓ Added: Nav/Sql Performance Field Guide by J÷Rg Stryk
2026-04-12 16:03:04,448 - INFO - [BookIngestion] -     🔍 Searching for: Database Internals
2026-04-12 16:03:05,520 - INFO - [BookIngestion] - ✓ Found 6 books for query: Database Internals
2026-04-12 16:03:05,527 - ERROR - [BookIngestion] - Error checking if book exists: This Session's transaction has been rolled back due to a previous exception during flush. To begin a new transaction with this Session, first issue Session.rollback(). Original exception was: (raised as a result of Query-invoked autoflush; consider using a session.no_autoflush block if this flush is occurring prematurely)
(sqlite3.IntegrityError) UNIQUE constraint failed: books.isbn
[SQL: INSERT INTO books (title, author, isbn, description, category, subcategory, price, original_price, pages, year, publisher, language, edition, format, condition, image, rating, verified, in_stock, stock_quantity, created_at, updated_at) VALUES (?, ?, ?, ?, ?, ?, ?, ?, ?, ?, ?, ?, ?, ?, ?, ?, ?, ?, ?, ?, ?, ?)]
[parameters: ('Cracking the Coding Interview', 'Chinmoy Mukherjee', '1532791577', 'A comprehensive book on Cracking the Coding Interview', 'UG', 'Data Structures', 497.0, 623.89, 544, 2015, 'Unknown', 'English', '3s Edition', 'e-book', 'Good', 'https://covers.openlibrary.org/b/isbn/1532791577-M.jpg', 4.9, 1, 1, 6, '2026-04-12 10:30:26.073208', '2026-04-12 10:30:26.073208')]
(Background on this error at: https://sqlalche.me/e/20/gkpj) (Background on this error at: https://sqlalche.me/e/20/7s2a)
2026-04-12 16:03:08,993 - INFO - [BookIngestion] -     ✓ Added: Management information systems by Kenneth C. Laudon
2026-04-12 16:03:08,993 - ERROR - [BookIngestion] - Error checking if book exists: This Session's transaction has been rolled back due to a previous exception during flush. To begin a new transaction with this Session, first issue Session.rollback(). Original exception was: (raised as a result of Query-invoked autoflush; consider using a session.no_autoflush block if this flush is occurring prematurely)
(sqlite3.IntegrityError) UNIQUE constraint failed: books.isbn
[SQL: INSERT INTO books (title, author, isbn, description, category, subcategory, price, original_price, pages, year, publisher, language, edition, format, condition, image, rating, verified, in_stock, stock_quantity, created_at, updated_at) VALUES (?, ?, ?, ?, ?, ?, ?, ?, ?, ?, ?, ?, ?, ?, ?, ?, ?, ?, ?, ?, ?, ?)]
[parameters: ('Cracking the Coding Interview', 'Chinmoy Mukherjee', '1532791577', 'A comprehensive book on Cracking the Coding Interview', 'UG', 'Data Structures', 497.0, 623.89, 544, 2015, 'Unknown', 'English', '3s Edition', 'e-book', 'Good', 'https://covers.openlibrary.org/b/isbn/1532791577-M.jpg', 4.9, 1, 1, 6, '2026-04-12 10:30:26.073208', '2026-04-12 10:30:26.073208')]
(Background on this error at: https://sqlalche.me/e/20/gkpj) (Background on this error at: https://sqlalche.me/e/20/7s2a)
2026-04-12 16:03:17,054 - INFO - [BookIngestion] -     ✓ Added: NASA/DoD aerospace knowledge diffusion research project by Thomas E. Pinelli
2026-04-12 16:03:17,054 - ERROR - [BookIngestion] - Error checking if book exists: This Session's transaction has been rolled back due to a previous exception during flush. To begin a new transaction with this Session, first issue Session.rollback(). Original exception was: (raised as a result of Query-invoked autoflush; consider using a session.no_autoflush block if this flush is occurring prematurely)
(sqlite3.IntegrityError) UNIQUE constraint failed: books.isbn
[SQL: INSERT INTO books (title, author, isbn, description, category, subcategory, price, original_price, pages, year, publisher, language, edition, format, condition, image, rating, verified, in_stock, stock_quantity, created_at, updated_at) VALUES (?, ?, ?, ?, ?, ?, ?, ?, ?, ?, ?, ?, ?, ?, ?, ?, ?, ?, ?, ?, ?, ?)]
[parameters: ('Cracking the Coding Interview', 'Chinmoy Mukherjee', '1532791577', 'A comprehensive book on Cracking the Coding Interview', 'UG', 'Data Structures', 497.0, 623.89, 544, 2015, 'Unknown', 'English', '3s Edition', 'e-book', 'Good', 'https://covers.openlibrary.org/b/isbn/1532791577-M.jpg', 4.9, 1, 1, 6, '2026-04-12 10:30:26.073208', '2026-04-12 10:30:26.073208')]
(Background on this error at: https://sqlalche.me/e/20/gkpj) (Background on this error at: https://sqlalche.me/e/20/7s2a)
2026-04-12 16:03:23,391 - INFO - [BookIngestion] -     ✓ Added: The Art of Public Speaking by Stephen E. Lucas
2026-04-12 16:03:23,391 - ERROR - [BookIngestion] - Error checking if book exists: This Session's transaction has been rolled back due to a previous exception during flush. To begin a new transaction with this Session, first issue Session.rollback(). Original exception was: (raised as a result of Query-invoked autoflush; consider using a session.no_autoflush block if this flush is occurring prematurely)
(sqlite3.IntegrityError) UNIQUE constraint failed: books.isbn
[SQL: INSERT INTO books (title, author, isbn, description, category, subcategory, price, original_price, pages, year, publisher, language, edition, format, condition, image, rating, verified, in_stock, stock_quantity, created_at, updated_at) VALUES (?, ?, ?, ?, ?, ?, ?, ?, ?, ?, ?, ?, ?, ?, ?, ?, ?, ?, ?, ?, ?, ?)]
[parameters: ('Cracking the Coding Interview', 'Chinmoy Mukherjee', '1532791577', 'A comprehensive book on Cracking the Coding Interview', 'UG', 'Data Structures', 497.0, 623.89, 544, 2015, 'Unknown', 'English', '3s Edition', 'e-book', 'Good', 'https://covers.openlibrary.org/b/isbn/1532791577-M.jpg', 4.9, 1, 1, 6, '2026-04-12 10:30:26.073208', '2026-04-12 10:30:26.073208')]
(Background on this error at: https://sqlalche.me/e/20/gkpj) (Background on this error at: https://sqlalche.me/e/20/7s2a)
2026-04-12 16:03:27,113 - INFO - [BookIngestion] -     ✓ Added: Database Internals by Alex Petrov
2026-04-12 16:03:27,113 - ERROR - [BookIngestion] - Error checking if book exists: This Session's transaction has been rolled back due to a previous exception during flush. To begin a new transaction with this Session, first issue Session.rollback(). Original exception was: (raised as a result of Query-invoked autoflush; consider using a session.no_autoflush block if this flush is occurring prematurely)
(sqlite3.IntegrityError) UNIQUE constraint failed: books.isbn
[SQL: INSERT INTO books (title, author, isbn, description, category, subcategory, price, original_price, pages, year, publisher, language, edition, format, condition, image, rating, verified, in_stock, stock_quantity, created_at, updated_at) VALUES (?, ?, ?, ?, ?, ?, ?, ?, ?, ?, ?, ?, ?, ?, ?, ?, ?, ?, ?, ?, ?, ?)]
[parameters: ('Cracking the Coding Interview', 'Chinmoy Mukherjee', '1532791577', 'A comprehensive book on Cracking the Coding Interview', 'UG', 'Data Structures', 497.0, 623.89, 544, 2015, 'Unknown', 'English', '3s Edition', 'e-book', 'Good', 'https://covers.openlibrary.org/b/isbn/1532791577-M.jpg', 4.9, 1, 1, 6, '2026-04-12 10:30:26.073208', '2026-04-12 10:30:26.073208')]
(Background on this error at: https://sqlalche.me/e/20/gkpj) (Background on this error at: https://sqlalche.me/e/20/7s2a)
2026-04-12 16:03:30,756 - INFO - [BookIngestion] -     ✓ Added: Radio Database International by Unknown
2026-04-12 16:03:30,756 - ERROR - [BookIngestion] - Error checking if book exists: This Session's transaction has been rolled back due to a previous exception during flush. To begin a new transaction with this Session, first issue Session.rollback(). Original exception was: (raised as a result of Query-invoked autoflush; consider using a session.no_autoflush block if this flush is occurring prematurely)
(sqlite3.IntegrityError) UNIQUE constraint failed: books.isbn
[SQL: INSERT INTO books (title, author, isbn, description, category, subcategory, price, original_price, pages, year, publisher, language, edition, format, condition, image, rating, verified, in_stock, stock_quantity, created_at, updated_at) VALUES (?, ?, ?, ?, ?, ?, ?, ?, ?, ?, ?, ?, ?, ?, ?, ?, ?, ?, ?, ?, ?, ?)]
[parameters: ('Cracking the Coding Interview', 'Chinmoy Mukherjee', '1532791577', 'A comprehensive book on Cracking the Coding Interview', 'UG', 'Data Structures', 497.0, 623.89, 544, 2015, 'Unknown', 'English', '3s Edition', 'e-book', 'Good', 'https://covers.openlibrary.org/b/isbn/1532791577-M.jpg', 4.9, 1, 1, 6, '2026-04-12 10:30:26.073208', '2026-04-12 10:30:26.073208')]
(Background on this error at: https://sqlalche.me/e/20/gkpj) (Background on this error at: https://sqlalche.me/e/20/7s2a)
2026-04-12 16:03:35,041 - INFO - [BookIngestion] -     ✓ Added: Radio Database International by Lawrence Magne
2026-04-12 16:03:35,552 - INFO - [BookIngestion] -     🔍 Searching for: Designing Data-Intensive Applications
2026-04-12 16:03:41,548 - INFO - [BookIngestion] - ✓ Found 6 books for query: Designing Data-Intensive Applications
2026-04-12 16:03:41,553 - ERROR - [BookIngestion] - Error checking if book exists: This Session's transaction has been rolled back due to a previous exception during flush. To begin a new transaction with this Session, first issue Session.rollback(). Original exception was: (raised as a result of Query-invoked autoflush; consider using a session.no_autoflush block if this flush is occurring prematurely)
(sqlite3.IntegrityError) UNIQUE constraint failed: books.isbn
[SQL: INSERT INTO books (title, author, isbn, description, category, subcategory, price, original_price, pages, year, publisher, language, edition, format, condition, image, rating, verified, in_stock, stock_quantity, created_at, updated_at) VALUES (?, ?, ?, ?, ?, ?, ?, ?, ?, ?, ?, ?, ?, ?, ?, ?, ?, ?, ?, ?, ?, ?)]
[parameters: ('Cracking the Coding Interview', 'Chinmoy Mukherjee', '1532791577', 'A comprehensive book on Cracking the Coding Interview', 'UG', 'Data Structures', 497.0, 623.89, 544, 2015, 'Unknown', 'English', '3s Edition', 'e-book', 'Good', 'https://covers.openlibrary.org/b/isbn/1532791577-M.jpg', 4.9, 1, 1, 6, '2026-04-12 10:30:26.073208', '2026-04-12 10:30:26.073208')]
(Background on this error at: https://sqlalche.me/e/20/gkpj) (Background on this error at: https://sqlalche.me/e/20/7s2a)
2026-04-12 16:03:44,570 - INFO - [BookIngestion] -     ✓ Added: Designing Data-Intensive Applications by Martin Kleppmann
2026-04-12 16:03:44,570 - ERROR - [BookIngestion] - Error checking if book exists: This Session's transaction has been rolled back due to a previous exception during flush. To begin a new transaction with this Session, first issue Session.rollback(). Original exception was: (raised as a result of Query-invoked autoflush; consider using a session.no_autoflush block if this flush is occurring prematurely)
(sqlite3.IntegrityError) UNIQUE constraint failed: books.isbn
[SQL: INSERT INTO books (title, author, isbn, description, category, subcategory, price, original_price, pages, year, publisher, language, edition, format, condition, image, rating, verified, in_stock, stock_quantity, created_at, updated_at) VALUES (?, ?, ?, ?, ?, ?, ?, ?, ?, ?, ?, ?, ?, ?, ?, ?, ?, ?, ?, ?, ?, ?)]
[parameters: ('Cracking the Coding Interview', 'Chinmoy Mukherjee', '1532791577', 'A comprehensive book on Cracking the Coding Interview', 'UG', 'Data Structures', 497.0, 623.89, 544, 2015, 'Unknown', 'English', '3s Edition', 'e-book', 'Good', 'https://covers.openlibrary.org/b/isbn/1532791577-M.jpg', 4.9, 1, 1, 6, '2026-04-12 10:30:26.073208', '2026-04-12 10:30:26.073208')]
(Background on this error at: https://sqlalche.me/e/20/gkpj) (Background on this error at: https://sqlalche.me/e/20/7s2a)
2026-04-12 16:03:50,257 - INFO - [BookIngestion] -     ✓ Added: Hands-On Enterprise Application Development with Python by Saurabh Badhwar
2026-04-12 16:03:50,257 - ERROR - [BookIngestion] - Error checking if book exists: This Session's transaction has been rolled back due to a previous exception during flush. To begin a new transaction with this Session, first issue Session.rollback(). Original exception was: (raised as a result of Query-invoked autoflush; consider using a session.no_autoflush block if this flush is occurring prematurely)
(sqlite3.IntegrityError) UNIQUE constraint failed: books.isbn
[SQL: INSERT INTO books (title, author, isbn, description, category, subcategory, price, original_price, pages, year, publisher, language, edition, format, condition, image, rating, verified, in_stock, stock_quantity, created_at, updated_at) VALUES (?, ?, ?, ?, ?, ?, ?, ?, ?, ?, ?, ?, ?, ?, ?, ?, ?, ?, ?, ?, ?, ?)]
[parameters: ('Cracking the Coding Interview', 'Chinmoy Mukherjee', '1532791577', 'A comprehensive book on Cracking the Coding Interview', 'UG', 'Data Structures', 497.0, 623.89, 544, 2015, 'Unknown', 'English', '3s Edition', 'e-book', 'Good', 'https://covers.openlibrary.org/b/isbn/1532791577-M.jpg', 4.9, 1, 1, 6, '2026-04-12 10:30:26.073208', '2026-04-12 10:30:26.073208')]
(Background on this error at: https://sqlalche.me/e/20/gkpj) (Background on this error at: https://sqlalche.me/e/20/7s2a)
2026-04-12 16:03:53,587 - INFO - [BookIngestion] -     ✓ Added: Advances in Computers, Volume 49 (Advances in Computers) by Marvin V. Zelkowitz
2026-04-12 16:03:53,587 - ERROR - [BookIngestion] -     ✗ Error adding book: This Session's transaction has been rolled back due to a previous exception during flush. To begin a new transaction with this Session, first issue Session.rollback(). Original exception was: (raised as a result of Query-invoked autoflush; consider using a session.no_autoflush block if this flush is occurring prematurely)
(sqlite3.IntegrityError) UNIQUE constraint failed: books.isbn
[SQL: INSERT INTO books (title, author, isbn, description, category, subcategory, price, original_price, pages, year, publisher, language, edition, format, condition, image, rating, verified, in_stock, stock_quantity, created_at, updated_at) VALUES (?, ?, ?, ?, ?, ?, ?, ?, ?, ?, ?, ?, ?, ?, ?, ?, ?, ?, ?, ?, ?, ?)]
[parameters: ('Cracking the Coding Interview', 'Chinmoy Mukherjee', '1532791577', 'A comprehensive book on Cracking the Coding Interview', 'UG', 'Data Structures', 497.0, 623.89, 544, 2015, 'Unknown', 'English', '3s Edition', 'e-book', 'Good', 'https://covers.openlibrary.org/b/isbn/1532791577-M.jpg', 4.9, 1, 1, 6, '2026-04-12 10:30:26.073208', '2026-04-12 10:30:26.073208')]
(Background on this error at: https://sqlalche.me/e/20/gkpj) (Background on this error at: https://sqlalche.me/e/20/7s2a)
2026-04-12 16:03:56,454 - INFO - [BookIngestion] -     ✓ Added: Designing data-intensive Web applications by Stefano Ceri
2026-04-12 16:06:05,437 - INFO - [BookIngestion] -     ✓ Added: Data Structures for Data-Intensive Applications by Manos Athanassoulis
2026-04-12 16:06:20,674 - INFO - [BookIngestion] -     ✓ Added: A language facility for designing interactive database -intensive applications by John Mylopoulos
2026-04-12 16:06:21,184 - INFO - [BookIngestion] -   📖 Subcategory: Operating Systems
2026-04-12 16:06:21,184 - INFO - [BookIngestion] -     🔍 Searching for: Operating Systems Concepts
2026-04-12 16:06:23,082 - INFO - [BookIngestion] - ✓ Found 6 books for query: Operating Systems Concepts
2026-04-12 16:06:25,576 - INFO - [BookIngestion] -     ✓ Added: Operating System Concepts by Abraham Silberschatz
2026-04-12 16:06:28,276 - INFO - [BookIngestion] -     ✓ Added: Operating system concepts by James L. Peterson
2026-04-12 16:06:31,644 - INFO - [BookIngestion] -     ✓ Added: Operating System Concepts Essentials by Abraham Silberschatz
2026-04-12 16:06:31,649 - ERROR - [BookIngestion] - Error checking if book exists: (raised as a result of Query-invoked autoflush; consider using a session.no_autoflush block if this flush is occurring prematurely)
(sqlite3.IntegrityError) UNIQUE constraint failed: books.isbn
[SQL: INSERT INTO books (title, author, isbn, description, category, subcategory, price, original_price, pages, year, publisher, language, edition, format, condition, image, rating, verified, in_stock, stock_quantity, created_at, updated_at) VALUES (?, ?, ?, ?, ?, ?, ?, ?, ?, ?, ?, ?, ?, ?, ?, ?, ?, ?, ?, ?, ?, ?)]
[parameters: ('Operating System Concepts Essentials', 'Abraham Silberschatz', '1119017475', 'A comprehensive book on Operating Systems Concepts', 'UG', 'Operating Systems', 533.0, 648.41, 582, 2010, 'Unknown', 'English', '3s Edition', 'Hardcover', 'Fair', 'https://covers.openlibrary.org/b/isbn/1119017475-M.jpg', 3.6, 1, 1, 4, '2026-04-12 10:36:31.644954', '2026-04-12 10:36:31.644954')]
(Background on this error at: https://sqlalche.me/e/20/gkpj)
2026-04-12 16:06:33,663 - INFO - [BookIngestion] -     ✓ Added: Applied operating system concepts by Abraham Silberschatz
2026-04-12 16:06:33,663 - ERROR - [BookIngestion] - Error checking if book exists: This Session's transaction has been rolled back due to a previous exception during flush. To begin a new transaction with this Session, first issue Session.rollback(). Original exception was: (raised as a result of Query-invoked autoflush; consider using a session.no_autoflush block if this flush is occurring prematurely)
(sqlite3.IntegrityError) UNIQUE constraint failed: books.isbn
[SQL: INSERT INTO books (title, author, isbn, description, category, subcategory, price, original_price, pages, year, publisher, language, edition, format, condition, image, rating, verified, in_stock, stock_quantity, created_at, updated_at) VALUES (?, ?, ?, ?, ?, ?, ?, ?, ?, ?, ?, ?, ?, ?, ?, ?, ?, ?, ?, ?, ?, ?)]
[parameters: ('Operating System Concepts Essentials', 'Abraham Silberschatz', '1119017475', 'A comprehensive book on Operating Systems Concepts', 'UG', 'Operating Systems', 533.0, 648.41, 582, 2010, 'Unknown', 'English', '3s Edition', 'Hardcover', 'Fair', 'https://covers.openlibrary.org/b/isbn/1119017475-M.jpg', 3.6, 1, 1, 4, '2026-04-12 10:36:31.644954', '2026-04-12 10:36:31.644954')]
(Background on this error at: https://sqlalche.me/e/20/gkpj) (Background on this error at: https://sqlalche.me/e/20/7s2a)
2026-04-12 16:06:36,263 - INFO - [BookIngestion] -     ✓ Added: Operating System Concepts by GALVIN
2026-04-12 16:06:36,774 - INFO - [BookIngestion] -     🔍 Searching for: Modern Operating Systems
2026-04-12 16:06:38,891 - INFO - [BookIngestion] - ✓ Found 6 books for query: Modern Operating Systems
2026-04-12 16:06:38,904 - ERROR - [BookIngestion] - Error checking if book exists: This Session's transaction has been rolled back due to a previous exception during flush. To begin a new transaction with this Session, first issue Session.rollback(). Original exception was: (raised as a result of Query-invoked autoflush; consider using a session.no_autoflush block if this flush is occurring prematurely)
(sqlite3.IntegrityError) UNIQUE constraint failed: books.isbn
[SQL: INSERT INTO books (title, author, isbn, description, category, subcategory, price, original_price, pages, year, publisher, language, edition, format, condition, image, rating, verified, in_stock, stock_quantity, created_at, updated_at) VALUES (?, ?, ?, ?, ?, ?, ?, ?, ?, ?, ?, ?, ?, ?, ?, ?, ?, ?, ?, ?, ?, ?)]
[parameters: ('Operating System Concepts Essentials', 'Abraham Silberschatz', '1119017475', 'A comprehensive book on Operating Systems Concepts', 'UG', 'Operating Systems', 533.0, 648.41, 582, 2010, 'Unknown', 'English', '3s Edition', 'Hardcover', 'Fair', 'https://covers.openlibrary.org/b/isbn/1119017475-M.jpg', 3.6, 1, 1, 4, '2026-04-12 10:36:31.644954', '2026-04-12 10:36:31.644954')]
(Background on this error at: https://sqlalche.me/e/20/gkpj) (Background on this error at: https://sqlalche.me/e/20/7s2a)
2026-04-12 16:06:41,563 - INFO - [BookIngestion] -     ✓ Added: Modern Operating Systems by Andrew S. Tanenbaum
2026-04-12 16:06:41,563 - ERROR - [BookIngestion] - Error checking if book exists: This Session's transaction has been rolled back due to a previous exception during flush. To begin a new transaction with this Session, first issue Session.rollback(). Original exception was: (raised as a result of Query-invoked autoflush; consider using a session.no_autoflush block if this flush is occurring prematurely)
(sqlite3.IntegrityError) UNIQUE constraint failed: books.isbn
[SQL: INSERT INTO books (title, author, isbn, description, category, subcategory, price, original_price, pages, year, publisher, language, edition, format, condition, image, rating, verified, in_stock, stock_quantity, created_at, updated_at) VALUES (?, ?, ?, ?, ?, ?, ?, ?, ?, ?, ?, ?, ?, ?, ?, ?, ?, ?, ?, ?, ?, ?)]
[parameters: ('Operating System Concepts Essentials', 'Abraham Silberschatz', '1119017475', 'A comprehensive book on Operating Systems Concepts', 'UG', 'Operating Systems', 533.0, 648.41, 582, 2010, 'Unknown', 'English', '3s Edition', 'Hardcover', 'Fair', 'https://covers.openlibrary.org/b/isbn/1119017475-M.jpg', 3.6, 1, 1, 4, '2026-04-12 10:36:31.644954', '2026-04-12 10:36:31.644954')]
(Background on this error at: https://sqlalche.me/e/20/gkpj) (Background on this error at: https://sqlalche.me/e/20/7s2a)
2026-04-12 16:06:44,382 - INFO - [BookIngestion] -     ✓ Added: Modern Operating Systems by Shriram K. Vasudevan
2026-04-12 16:06:44,382 - ERROR - [BookIngestion] - Error checking if book exists: This Session's transaction has been rolled back due to a previous exception during flush. To begin a new transaction with this Session, first issue Session.rollback(). Original exception was: (raised as a result of Query-invoked autoflush; consider using a session.no_autoflush block if this flush is occurring prematurely)
(sqlite3.IntegrityError) UNIQUE constraint failed: books.isbn
[SQL: INSERT INTO books (title, author, isbn, description, category, subcategory, price, original_price, pages, year, publisher, language, edition, format, condition, image, rating, verified, in_stock, stock_quantity, created_at, updated_at) VALUES (?, ?, ?, ?, ?, ?, ?, ?, ?, ?, ?, ?, ?, ?, ?, ?, ?, ?, ?, ?, ?, ?)]
[parameters: ('Operating System Concepts Essentials', 'Abraham Silberschatz', '1119017475', 'A comprehensive book on Operating Systems Concepts', 'UG', 'Operating Systems', 533.0, 648.41, 582, 2010, 'Unknown', 'English', '3s Edition', 'Hardcover', 'Fair', 'https://covers.openlibrary.org/b/isbn/1119017475-M.jpg', 3.6, 1, 1, 4, '2026-04-12 10:36:31.644954', '2026-04-12 10:36:31.644954')]
(Background on this error at: https://sqlalche.me/e/20/gkpj) (Background on this error at: https://sqlalche.me/e/20/7s2a)
2026-04-12 16:06:48,752 - INFO - [BookIngestion] -     ✓ Added: Principles of modern operating systems by Jose M. Garrido
2026-04-12 16:06:48,752 - ERROR - [BookIngestion] - Error checking if book exists: This Session's transaction has been rolled back due to a previous exception during flush. To begin a new transaction with this Session, first issue Session.rollback(). Original exception was: (raised as a result of Query-invoked autoflush; consider using a session.no_autoflush block if this flush is occurring prematurely)
(sqlite3.IntegrityError) UNIQUE constraint failed: books.isbn
[SQL: INSERT INTO books (title, author, isbn, description, category, subcategory, price, original_price, pages, year, publisher, language, edition, format, condition, image, rating, verified, in_stock, stock_quantity, created_at, updated_at) VALUES (?, ?, ?, ?, ?, ?, ?, ?, ?, ?, ?, ?, ?, ?, ?, ?, ?, ?, ?, ?, ?, ?)]
[parameters: ('Operating System Concepts Essentials', 'Abraham Silberschatz', '1119017475', 'A comprehensive book on Operating Systems Concepts', 'UG', 'Operating Systems', 533.0, 648.41, 582, 2010, 'Unknown', 'English', '3s Edition', 'Hardcover', 'Fair', 'https://covers.openlibrary.org/b/isbn/1119017475-M.jpg', 3.6, 1, 1, 4, '2026-04-12 10:36:31.644954', '2026-04-12 10:36:31.644954')]
(Background on this error at: https://sqlalche.me/e/20/gkpj) (Background on this error at: https://sqlalche.me/e/20/7s2a)
2026-04-12 16:06:51,141 - INFO - [BookIngestion] -     ✓ Added: Modern Operating Systems by Andrew S. Tanenbaum
2026-04-12 16:06:51,141 - ERROR - [BookIngestion] - Error checking if book exists: This Session's transaction has been rolled back due to a previous exception during flush. To begin a new transaction with this Session, first issue Session.rollback(). Original exception was: (raised as a result of Query-invoked autoflush; consider using a session.no_autoflush block if this flush is occurring prematurely)
(sqlite3.IntegrityError) UNIQUE constraint failed: books.isbn
[SQL: INSERT INTO books (title, author, isbn, description, category, subcategory, price, original_price, pages, year, publisher, language, edition, format, condition, image, rating, verified, in_stock, stock_quantity, created_at, updated_at) VALUES (?, ?, ?, ?, ?, ?, ?, ?, ?, ?, ?, ?, ?, ?, ?, ?, ?, ?, ?, ?, ?, ?)]
[parameters: ('Operating System Concepts Essentials', 'Abraham Silberschatz', '1119017475', 'A comprehensive book on Operating Systems Concepts', 'UG', 'Operating Systems', 533.0, 648.41, 582, 2010, 'Unknown', 'English', '3s Edition', 'Hardcover', 'Fair', 'https://covers.openlibrary.org/b/isbn/1119017475-M.jpg', 3.6, 1, 1, 4, '2026-04-12 10:36:31.644954', '2026-04-12 10:36:31.644954')]
(Background on this error at: https://sqlalche.me/e/20/gkpj) (Background on this error at: https://sqlalche.me/e/20/7s2a)
2026-04-12 16:06:58,956 - INFO - [BookIngestion] -     ✓ Added: Modern Operating Systems by Nora Wilson
2026-04-12 16:06:58,956 - ERROR - [BookIngestion] - Error checking if book exists: This Session's transaction has been rolled back due to a previous exception during flush. To begin a new transaction with this Session, first issue Session.rollback(). Original exception was: (raised as a result of Query-invoked autoflush; consider using a session.no_autoflush block if this flush is occurring prematurely)
(sqlite3.IntegrityError) UNIQUE constraint failed: books.isbn
[SQL: INSERT INTO books (title, author, isbn, description, category, subcategory, price, original_price, pages, year, publisher, language, edition, format, condition, image, rating, verified, in_stock, stock_quantity, created_at, updated_at) VALUES (?, ?, ?, ?, ?, ?, ?, ?, ?, ?, ?, ?, ?, ?, ?, ?, ?, ?, ?, ?, ?, ?)]
[parameters: ('Operating System Concepts Essentials', 'Abraham Silberschatz', '1119017475', 'A comprehensive book on Operating Systems Concepts', 'UG', 'Operating Systems', 533.0, 648.41, 582, 2010, 'Unknown', 'English', '3s Edition', 'Hardcover', 'Fair', 'https://covers.openlibrary.org/b/isbn/1119017475-M.jpg', 3.6, 1, 1, 4, '2026-04-12 10:36:31.644954', '2026-04-12 10:36:31.644954')]
(Background on this error at: https://sqlalche.me/e/20/gkpj) (Background on this error at: https://sqlalche.me/e/20/7s2a)
2026-04-12 16:07:02,093 - INFO - [BookIngestion] -     ✓ Added: Modern Operating Systems by Unknown
2026-04-12 16:07:02,594 - INFO - [BookIngestion] -     🔍 Searching for: Linux Programming Interface
2026-04-12 16:07:03,669 - INFO - [BookIngestion] - ✓ Found 6 books for query: Linux Programming Interface
2026-04-12 16:07:03,676 - ERROR - [BookIngestion] - Error checking if book exists: This Session's transaction has been rolled back due to a previous exception during flush. To begin a new transaction with this Session, first issue Session.rollback(). Original exception was: (raised as a result of Query-invoked autoflush; consider using a session.no_autoflush block if this flush is occurring prematurely)
(sqlite3.IntegrityError) UNIQUE constraint failed: books.isbn
[SQL: INSERT INTO books (title, author, isbn, description, category, subcategory, price, original_price, pages, year, publisher, language, edition, format, condition, image, rating, verified, in_stock, stock_quantity, created_at, updated_at) VALUES (?, ?, ?, ?, ?, ?, ?, ?, ?, ?, ?, ?, ?, ?, ?, ?, ?, ?, ?, ?, ?, ?)]
[parameters: ('Operating System Concepts Essentials', 'Abraham Silberschatz', '1119017475', 'A comprehensive book on Operating Systems Concepts', 'UG', 'Operating Systems', 533.0, 648.41, 582, 2010, 'Unknown', 'English', '3s Edition', 'Hardcover', 'Fair', 'https://covers.openlibrary.org/b/isbn/1119017475-M.jpg', 3.6, 1, 1, 4, '2026-04-12 10:36:31.644954', '2026-04-12 10:36:31.644954')]
(Background on this error at: https://sqlalche.me/e/20/gkpj) (Background on this error at: https://sqlalche.me/e/20/7s2a)
2026-04-12 16:07:06,697 - INFO - [BookIngestion] -     ✓ Added: Linux Programming Interface by Michael Kerrisk
2026-04-12 16:07:06,697 - ERROR - [BookIngestion] - Error checking if book exists: This Session's transaction has been rolled back due to a previous exception during flush. To begin a new transaction with this Session, first issue Session.rollback(). Original exception was: (raised as a result of Query-invoked autoflush; consider using a session.no_autoflush block if this flush is occurring prematurely)
(sqlite3.IntegrityError) UNIQUE constraint failed: books.isbn
[SQL: INSERT INTO books (title, author, isbn, description, category, subcategory, price, original_price, pages, year, publisher, language, edition, format, condition, image, rating, verified, in_stock, stock_quantity, created_at, updated_at) VALUES (?, ?, ?, ?, ?, ?, ?, ?, ?, ?, ?, ?, ?, ?, ?, ?, ?, ?, ?, ?, ?, ?)]
[parameters: ('Operating System Concepts Essentials', 'Abraham Silberschatz', '1119017475', 'A comprehensive book on Operating Systems Concepts', 'UG', 'Operating Systems', 533.0, 648.41, 582, 2010, 'Unknown', 'English', '3s Edition', 'Hardcover', 'Fair', 'https://covers.openlibrary.org/b/isbn/1119017475-M.jpg', 3.6, 1, 1, 4, '2026-04-12 10:36:31.644954', '2026-04-12 10:36:31.644954')]
(Background on this error at: https://sqlalche.me/e/20/gkpj) (Background on this error at: https://sqlalche.me/e/20/7s2a)
2026-04-12 16:07:10,461 - INFO - [BookIngestion] -     ✓ Added: The Linux progamming interface by Michael Kerrisk
2026-04-12 16:07:10,461 - ERROR - [BookIngestion] - Error checking if book exists: This Session's transaction has been rolled back due to a previous exception during flush. To begin a new transaction with this Session, first issue Session.rollback(). Original exception was: (raised as a result of Query-invoked autoflush; consider using a session.no_autoflush block if this flush is occurring prematurely)
(sqlite3.IntegrityError) UNIQUE constraint failed: books.isbn
[SQL: INSERT INTO books (title, author, isbn, description, category, subcategory, price, original_price, pages, year, publisher, language, edition, format, condition, image, rating, verified, in_stock, stock_quantity, created_at, updated_at) VALUES (?, ?, ?, ?, ?, ?, ?, ?, ?, ?, ?, ?, ?, ?, ?, ?, ?, ?, ?, ?, ?, ?)]
[parameters: ('Operating System Concepts Essentials', 'Abraham Silberschatz', '1119017475', 'A comprehensive book on Operating Systems Concepts', 'UG', 'Operating Systems', 533.0, 648.41, 582, 2010, 'Unknown', 'English', '3s Edition', 'Hardcover', 'Fair', 'https://covers.openlibrary.org/b/isbn/1119017475-M.jpg', 3.6, 1, 1, 4, '2026-04-12 10:36:31.644954', '2026-04-12 10:36:31.644954')]
(Background on this error at: https://sqlalche.me/e/20/gkpj) (Background on this error at: https://sqlalche.me/e/20/7s2a)
2026-04-12 16:07:15,271 - INFO - [BookIngestion] -     ✓ Added: Modern Operating Systems by Andrew S. Tanenbaum
2026-04-12 16:07:15,271 - ERROR - [BookIngestion] - Error checking if book exists: This Session's transaction has been rolled back due to a previous exception during flush. To begin a new transaction with this Session, first issue Session.rollback(). Original exception was: (raised as a result of Query-invoked autoflush; consider using a session.no_autoflush block if this flush is occurring prematurely)
(sqlite3.IntegrityError) UNIQUE constraint failed: books.isbn
[SQL: INSERT INTO books (title, author, isbn, description, category, subcategory, price, original_price, pages, year, publisher, language, edition, format, condition, image, rating, verified, in_stock, stock_quantity, created_at, updated_at) VALUES (?, ?, ?, ?, ?, ?, ?, ?, ?, ?, ?, ?, ?, ?, ?, ?, ?, ?, ?, ?, ?, ?)]
[parameters: ('Operating System Concepts Essentials', 'Abraham Silberschatz', '1119017475', 'A comprehensive book on Operating Systems Concepts', 'UG', 'Operating Systems', 533.0, 648.41, 582, 2010, 'Unknown', 'English', '3s Edition', 'Hardcover', 'Fair', 'https://covers.openlibrary.org/b/isbn/1119017475-M.jpg', 3.6, 1, 1, 4, '2026-04-12 10:36:31.644954', '2026-04-12 10:36:31.644954')]
(Background on this error at: https://sqlalche.me/e/20/gkpj) (Background on this error at: https://sqlalche.me/e/20/7s2a)
2026-04-12 16:07:20,083 - INFO - [BookIngestion] -     ✓ Added: Hands-On System Programming with Linux: Explore Linux system programming interfaces, theory, and practice by Kaiwan N Billimoria
2026-04-12 16:07:20,083 - ERROR - [BookIngestion] - Error checking if book exists: This Session's transaction has been rolled back due to a previous exception during flush. To begin a new transaction with this Session, first issue Session.rollback(). Original exception was: (raised as a result of Query-invoked autoflush; consider using a session.no_autoflush block if this flush is occurring prematurely)
(sqlite3.IntegrityError) UNIQUE constraint failed: books.isbn
[SQL: INSERT INTO books (title, author, isbn, description, category, subcategory, price, original_price, pages, year, publisher, language, edition, format, condition, image, rating, verified, in_stock, stock_quantity, created_at, updated_at) VALUES (?, ?, ?, ?, ?, ?, ?, ?, ?, ?, ?, ?, ?, ?, ?, ?, ?, ?, ?, ?, ?, ?)]
[parameters: ('Operating System Concepts Essentials', 'Abraham Silberschatz', '1119017475', 'A comprehensive book on Operating Systems Concepts', 'UG', 'Operating Systems', 533.0, 648.41, 582, 2010, 'Unknown', 'English', '3s Edition', 'Hardcover', 'Fair', 'https://covers.openlibrary.org/b/isbn/1119017475-M.jpg', 3.6, 1, 1, 4, '2026-04-12 10:36:31.644954', '2026-04-12 10:36:31.644954')]
(Background on this error at: https://sqlalche.me/e/20/gkpj) (Background on this error at: https://sqlalche.me/e/20/7s2a)
2026-04-12 16:07:22,392 - INFO - [BookIngestion] -     ✓ Added: Hands-On System Programming with Linux by Kaiwan N Billimoria
2026-04-12 16:07:22,392 - ERROR - [BookIngestion] - Error checking if book exists: This Session's transaction has been rolled back due to a previous exception during flush. To begin a new transaction with this Session, first issue Session.rollback(). Original exception was: (raised as a result of Query-invoked autoflush; consider using a session.no_autoflush block if this flush is occurring prematurely)
(sqlite3.IntegrityError) UNIQUE constraint failed: books.isbn
[SQL: INSERT INTO books (title, author, isbn, description, category, subcategory, price, original_price, pages, year, publisher, language, edition, format, condition, image, rating, verified, in_stock, stock_quantity, created_at, updated_at) VALUES (?, ?, ?, ?, ?, ?, ?, ?, ?, ?, ?, ?, ?, ?, ?, ?, ?, ?, ?, ?, ?, ?)]
[parameters: ('Operating System Concepts Essentials', 'Abraham Silberschatz', '1119017475', 'A comprehensive book on Operating Systems Concepts', 'UG', 'Operating Systems', 533.0, 648.41, 582, 2010, 'Unknown', 'English', '3s Edition', 'Hardcover', 'Fair', 'https://covers.openlibrary.org/b/isbn/1119017475-M.jpg', 3.6, 1, 1, 4, '2026-04-12 10:36:31.644954', '2026-04-12 10:36:31.644954')]
(Background on this error at: https://sqlalche.me/e/20/gkpj) (Background on this error at: https://sqlalche.me/e/20/7s2a)
2026-04-12 16:07:24,348 - INFO - [BookIngestion] -     ✓ Added: Linux Programming by Example by Arnold Robbins
2026-04-12 16:07:24,850 - INFO - [BookIngestion] -   📖 Subcategory: Computer Networks
2026-04-12 16:07:24,850 - INFO - [BookIngestion] -     🔍 Searching for: Computer Networking
2026-04-12 16:07:26,708 - INFO - [BookIngestion] - ✓ Found 6 books for query: Computer Networking
2026-04-12 16:07:26,708 - ERROR - [BookIngestion] - Error checking if book exists: This Session's transaction has been rolled back due to a previous exception during flush. To begin a new transaction with this Session, first issue Session.rollback(). Original exception was: (raised as a result of Query-invoked autoflush; consider using a session.no_autoflush block if this flush is occurring prematurely)
(sqlite3.IntegrityError) UNIQUE constraint failed: books.isbn
[SQL: INSERT INTO books (title, author, isbn, description, category, subcategory, price, original_price, pages, year, publisher, language, edition, format, condition, image, rating, verified, in_stock, stock_quantity, created_at, updated_at) VALUES (?, ?, ?, ?, ?, ?, ?, ?, ?, ?, ?, ?, ?, ?, ?, ?, ?, ?, ?, ?, ?, ?)]
[parameters: ('Operating System Concepts Essentials', 'Abraham Silberschatz', '1119017475', 'A comprehensive book on Operating Systems Concepts', 'UG', 'Operating Systems', 533.0, 648.41, 582, 2010, 'Unknown', 'English', '3s Edition', 'Hardcover', 'Fair', 'https://covers.openlibrary.org/b/isbn/1119017475-M.jpg', 3.6, 1, 1, 4, '2026-04-12 10:36:31.644954', '2026-04-12 10:36:31.644954')]
(Background on this error at: https://sqlalche.me/e/20/gkpj) (Background on this error at: https://sqlalche.me/e/20/7s2a)
2026-04-12 16:07:28,893 - INFO - [BookIngestion] -     ✓ Added: Computer Networks by Andrew S. Tanenbaum
2026-04-12 16:07:28,893 - ERROR - [BookIngestion] - Error checking if book exists: This Session's transaction has been rolled back due to a previous exception during flush. To begin a new transaction with this Session, first issue Session.rollback(). Original exception was: (raised as a result of Query-invoked autoflush; consider using a session.no_autoflush block if this flush is occurring prematurely)
(sqlite3.IntegrityError) UNIQUE constraint failed: books.isbn
[SQL: INSERT INTO books (title, author, isbn, description, category, subcategory, price, original_price, pages, year, publisher, language, edition, format, condition, image, rating, verified, in_stock, stock_quantity, created_at, updated_at) VALUES (?, ?, ?, ?, ?, ?, ?, ?, ?, ?, ?, ?, ?, ?, ?, ?, ?, ?, ?, ?, ?, ?)]
[parameters: ('Operating System Concepts Essentials', 'Abraham Silberschatz', '1119017475', 'A comprehensive book on Operating Systems Concepts', 'UG', 'Operating Systems', 533.0, 648.41, 582, 2010, 'Unknown', 'English', '3s Edition', 'Hardcover', 'Fair', 'https://covers.openlibrary.org/b/isbn/1119017475-M.jpg', 3.6, 1, 1, 4, '2026-04-12 10:36:31.644954', '2026-04-12 10:36:31.644954')]
(Background on this error at: https://sqlalche.me/e/20/gkpj) (Background on this error at: https://sqlalche.me/e/20/7s2a)
2026-04-12 16:07:32,212 - INFO - [BookIngestion] -     ✓ Added: Computer networking by James F. Kurose
2026-04-12 16:07:32,212 - ERROR - [BookIngestion] - Error checking if book exists: This Session's transaction has been rolled back due to a previous exception during flush. To begin a new transaction with this Session, first issue Session.rollback(). Original exception was: (raised as a result of Query-invoked autoflush; consider using a session.no_autoflush block if this flush is occurring prematurely)
(sqlite3.IntegrityError) UNIQUE constraint failed: books.isbn
[SQL: INSERT INTO books (title, author, isbn, description, category, subcategory, price, original_price, pages, year, publisher, language, edition, format, condition, image, rating, verified, in_stock, stock_quantity, created_at, updated_at) VALUES (?, ?, ?, ?, ?, ?, ?, ?, ?, ?, ?, ?, ?, ?, ?, ?, ?, ?, ?, ?, ?, ?)]
[parameters: ('Operating System Concepts Essentials', 'Abraham Silberschatz', '1119017475', 'A comprehensive book on Operating Systems Concepts', 'UG', 'Operating Systems', 533.0, 648.41, 582, 2010, 'Unknown', 'English', '3s Edition', 'Hardcover', 'Fair', 'https://covers.openlibrary.org/b/isbn/1119017475-M.jpg', 3.6, 1, 1, 4, '2026-04-12 10:36:31.644954', '2026-04-12 10:36:31.644954')]
(Background on this error at: https://sqlalche.me/e/20/gkpj) (Background on this error at: https://sqlalche.me/e/20/7s2a)
2026-04-12 16:07:36,425 - INFO - [BookIngestion] -     ✓ Added: Data communications, computer networks, and open systems by Fred Halsall
2026-04-12 16:07:36,425 - ERROR - [BookIngestion] - Error checking if book exists: This Session's transaction has been rolled back due to a previous exception during flush. To begin a new transaction with this Session, first issue Session.rollback(). Original exception was: (raised as a result of Query-invoked autoflush; consider using a session.no_autoflush block if this flush is occurring prematurely)
(sqlite3.IntegrityError) UNIQUE constraint failed: books.isbn
[SQL: INSERT INTO books (title, author, isbn, description, category, subcategory, price, original_price, pages, year, publisher, language, edition, format, condition, image, rating, verified, in_stock, stock_quantity, created_at, updated_at) VALUES (?, ?, ?, ?, ?, ?, ?, ?, ?, ?, ?, ?, ?, ?, ?, ?, ?, ?, ?, ?, ?, ?)]
[parameters: ('Operating System Concepts Essentials', 'Abraham Silberschatz', '1119017475', 'A comprehensive book on Operating Systems Concepts', 'UG', 'Operating Systems', 533.0, 648.41, 582, 2010, 'Unknown', 'English', '3s Edition', 'Hardcover', 'Fair', 'https://covers.openlibrary.org/b/isbn/1119017475-M.jpg', 3.6, 1, 1, 4, '2026-04-12 10:36:31.644954', '2026-04-12 10:36:31.644954')]
(Background on this error at: https://sqlalche.me/e/20/gkpj) (Background on this error at: https://sqlalche.me/e/20/7s2a)
2026-04-12 16:07:38,733 - INFO - [BookIngestion] -     ✓ Added: Computer networks by Philip J. Irving
2026-04-12 16:07:38,733 - ERROR - [BookIngestion] - Error checking if book exists: This Session's transaction has been rolled back due to a previous exception during flush. To begin a new transaction with this Session, first issue Session.rollback(). Original exception was: (raised as a result of Query-invoked autoflush; consider using a session.no_autoflush block if this flush is occurring prematurely)
(sqlite3.IntegrityError) UNIQUE constraint failed: books.isbn
[SQL: INSERT INTO books (title, author, isbn, description, category, subcategory, price, original_price, pages, year, publisher, language, edition, format, condition, image, rating, verified, in_stock, stock_quantity, created_at, updated_at) VALUES (?, ?, ?, ?, ?, ?, ?, ?, ?, ?, ?, ?, ?, ?, ?, ?, ?, ?, ?, ?, ?, ?)]
[parameters: ('Operating System Concepts Essentials', 'Abraham Silberschatz', '1119017475', 'A comprehensive book on Operating Systems Concepts', 'UG', 'Operating Systems', 533.0, 648.41, 582, 2010, 'Unknown', 'English', '3s Edition', 'Hardcover', 'Fair', 'https://covers.openlibrary.org/b/isbn/1119017475-M.jpg', 3.6, 1, 1, 4, '2026-04-12 10:36:31.644954', '2026-04-12 10:36:31.644954')]
(Background on this error at: https://sqlalche.me/e/20/gkpj) (Background on this error at: https://sqlalche.me/e/20/7s2a)
2026-04-12 16:07:40,954 - INFO - [BookIngestion] -     ✓ Added: Computer Networking by James F. Kurose
2026-04-12 16:07:40,954 - ERROR - [BookIngestion] - Error checking if book exists: This Session's transaction has been rolled back due to a previous exception during flush. To begin a new transaction with this Session, first issue Session.rollback(). Original exception was: (raised as a result of Query-invoked autoflush; consider using a session.no_autoflush block if this flush is occurring prematurely)
(sqlite3.IntegrityError) UNIQUE constraint failed: books.isbn
[SQL: INSERT INTO books (title, author, isbn, description, category, subcategory, price, original_price, pages, year, publisher, language, edition, format, condition, image, rating, verified, in_stock, stock_quantity, created_at, updated_at) VALUES (?, ?, ?, ?, ?, ?, ?, ?, ?, ?, ?, ?, ?, ?, ?, ?, ?, ?, ?, ?, ?, ?)]
[parameters: ('Operating System Concepts Essentials', 'Abraham Silberschatz', '1119017475', 'A comprehensive book on Operating Systems Concepts', 'UG', 'Operating Systems', 533.0, 648.41, 582, 2010, 'Unknown', 'English', '3s Edition', 'Hardcover', 'Fair', 'https://covers.openlibrary.org/b/isbn/1119017475-M.jpg', 3.6, 1, 1, 4, '2026-04-12 10:36:31.644954', '2026-04-12 10:36:31.644954')]
(Background on this error at: https://sqlalche.me/e/20/gkpj) (Background on this error at: https://sqlalche.me/e/20/7s2a)
2026-04-12 16:07:43,362 - INFO - [BookIngestion] -     ✓ Added: Advances in Computers, Volume 49 (Advances in Computers) by Marvin V. Zelkowitz
2026-04-12 16:07:43,862 - INFO - [BookIngestion] -     🔍 Searching for: TCP/IP Guide
2026-04-12 16:07:45,674 - INFO - [BookIngestion] - ✓ Found 6 books for query: TCP/IP Guide
2026-04-12 16:07:45,675 - ERROR - [BookIngestion] - Error checking if book exists: This Session's transaction has been rolled back due to a previous exception during flush. To begin a new transaction with this Session, first issue Session.rollback(). Original exception was: (raised as a result of Query-invoked autoflush; consider using a session.no_autoflush block if this flush is occurring prematurely)
(sqlite3.IntegrityError) UNIQUE constraint failed: books.isbn
[SQL: INSERT INTO books (title, author, isbn, description, category, subcategory, price, original_price, pages, year, publisher, language, edition, format, condition, image, rating, verified, in_stock, stock_quantity, created_at, updated_at) VALUES (?, ?, ?, ?, ?, ?, ?, ?, ?, ?, ?, ?, ?, ?, ?, ?, ?, ?, ?, ?, ?, ?)]
[parameters: ('Operating System Concepts Essentials', 'Abraham Silberschatz', '1119017475', 'A comprehensive book on Operating Systems Concepts', 'UG', 'Operating Systems', 533.0, 648.41, 582, 2010, 'Unknown', 'English', '3s Edition', 'Hardcover', 'Fair', 'https://covers.openlibrary.org/b/isbn/1119017475-M.jpg', 3.6, 1, 1, 4, '2026-04-12 10:36:31.644954', '2026-04-12 10:36:31.644954')]
(Background on this error at: https://sqlalche.me/e/20/gkpj) (Background on this error at: https://sqlalche.me/e/20/7s2a)
2026-04-12 16:07:49,038 - INFO - [BookIngestion] -     ✓ Added: The TCP/IP Guide by Charles Kozierok
2026-04-12 16:07:49,038 - ERROR - [BookIngestion] - Error checking if book exists: This Session's transaction has been rolled back due to a previous exception during flush. To begin a new transaction with this Session, first issue Session.rollback(). Original exception was: (raised as a result of Query-invoked autoflush; consider using a session.no_autoflush block if this flush is occurring prematurely)
(sqlite3.IntegrityError) UNIQUE constraint failed: books.isbn
[SQL: INSERT INTO books (title, author, isbn, description, category, subcategory, price, original_price, pages, year, publisher, language, edition, format, condition, image, rating, verified, in_stock, stock_quantity, created_at, updated_at) VALUES (?, ?, ?, ?, ?, ?, ?, ?, ?, ?, ?, ?, ?, ?, ?, ?, ?, ?, ?, ?, ?, ?)]
[parameters: ('Operating System Concepts Essentials', 'Abraham Silberschatz', '1119017475', 'A comprehensive book on Operating Systems Concepts', 'UG', 'Operating Systems', 533.0, 648.41, 582, 2010, 'Unknown', 'English', '3s Edition', 'Hardcover', 'Fair', 'https://covers.openlibrary.org/b/isbn/1119017475-M.jpg', 3.6, 1, 1, 4, '2026-04-12 10:36:31.644954', '2026-04-12 10:36:31.644954')]
(Background on this error at: https://sqlalche.me/e/20/gkpj) (Background on this error at: https://sqlalche.me/e/20/7s2a)
2026-04-12 16:07:51,926 - INFO - [BookIngestion] -     ✓ Added: Microsoft Windows Nt Tcp Ip Guide by Unknown
2026-04-12 16:07:51,926 - ERROR - [BookIngestion] - Error checking if book exists: This Session's transaction has been rolled back due to a previous exception during flush. To begin a new transaction with this Session, first issue Session.rollback(). Original exception was: (raised as a result of Query-invoked autoflush; consider using a session.no_autoflush block if this flush is occurring prematurely)
(sqlite3.IntegrityError) UNIQUE constraint failed: books.isbn
[SQL: INSERT INTO books (title, author, isbn, description, category, subcategory, price, original_price, pages, year, publisher, language, edition, format, condition, image, rating, verified, in_stock, stock_quantity, created_at, updated_at) VALUES (?, ?, ?, ?, ?, ?, ?, ?, ?, ?, ?, ?, ?, ?, ?, ?, ?, ?, ?, ?, ?, ?)]
[parameters: ('Operating System Concepts Essentials', 'Abraham Silberschatz', '1119017475', 'A comprehensive book on Operating Systems Concepts', 'UG', 'Operating Systems', 533.0, 648.41, 582, 2010, 'Unknown', 'English', '3s Edition', 'Hardcover', 'Fair', 'https://covers.openlibrary.org/b/isbn/1119017475-M.jpg', 3.6, 1, 1, 4, '2026-04-12 10:36:31.644954', '2026-04-12 10:36:31.644954')]
(Background on this error at: https://sqlalche.me/e/20/gkpj) (Background on this error at: https://sqlalche.me/e/20/7s2a)
2026-04-12 16:07:54,204 - INFO - [BookIngestion] -     ✓ Added: Computer Networks by Andrew S. Tanenbaum
2026-04-12 16:07:54,204 - ERROR - [BookIngestion] - Error checking if book exists: This Session's transaction has been rolled back due to a previous exception during flush. To begin a new transaction with this Session, first issue Session.rollback(). Original exception was: (raised as a result of Query-invoked autoflush; consider using a session.no_autoflush block if this flush is occurring prematurely)
(sqlite3.IntegrityError) UNIQUE constraint failed: books.isbn
[SQL: INSERT INTO books (title, author, isbn, description, category, subcategory, price, original_price, pages, year, publisher, language, edition, format, condition, image, rating, verified, in_stock, stock_quantity, created_at, updated_at) VALUES (?, ?, ?, ?, ?, ?, ?, ?, ?, ?, ?, ?, ?, ?, ?, ?, ?, ?, ?, ?, ?, ?)]
[parameters: ('Operating System Concepts Essentials', 'Abraham Silberschatz', '1119017475', 'A comprehensive book on Operating Systems Concepts', 'UG', 'Operating Systems', 533.0, 648.41, 582, 2010, 'Unknown', 'English', '3s Edition', 'Hardcover', 'Fair', 'https://covers.openlibrary.org/b/isbn/1119017475-M.jpg', 3.6, 1, 1, 4, '2026-04-12 10:36:31.644954', '2026-04-12 10:36:31.644954')]
(Background on this error at: https://sqlalche.me/e/20/gkpj) (Background on this error at: https://sqlalche.me/e/20/7s2a)
2026-04-12 16:07:56,866 - INFO - [BookIngestion] -     ✓ Added: Secureway Communications Server for Os/390 V2R8 Tcp/Ip by IBM Redbooks
2026-04-12 16:07:56,866 - ERROR - [BookIngestion] - Error checking if book exists: This Session's transaction has been rolled back due to a previous exception during flush. To begin a new transaction with this Session, first issue Session.rollback(). Original exception was: (raised as a result of Query-invoked autoflush; consider using a session.no_autoflush block if this flush is occurring prematurely)
(sqlite3.IntegrityError) UNIQUE constraint failed: books.isbn
[SQL: INSERT INTO books (title, author, isbn, description, category, subcategory, price, original_price, pages, year, publisher, language, edition, format, condition, image, rating, verified, in_stock, stock_quantity, created_at, updated_at) VALUES (?, ?, ?, ?, ?, ?, ?, ?, ?, ?, ?, ?, ?, ?, ?, ?, ?, ?, ?, ?, ?, ?)]
[parameters: ('Operating System Concepts Essentials', 'Abraham Silberschatz', '1119017475', 'A comprehensive book on Operating Systems Concepts', 'UG', 'Operating Systems', 533.0, 648.41, 582, 2010, 'Unknown', 'English', '3s Edition', 'Hardcover', 'Fair', 'https://covers.openlibrary.org/b/isbn/1119017475-M.jpg', 3.6, 1, 1, 4, '2026-04-12 10:36:31.644954', '2026-04-12 10:36:31.644954')]
(Background on this error at: https://sqlalche.me/e/20/gkpj) (Background on this error at: https://sqlalche.me/e/20/7s2a)
2026-04-12 16:08:04,050 - INFO - [BookIngestion] -     ✓ Added: TCP/IP by Frank J. Derfler
2026-04-12 16:08:04,050 - ERROR - [BookIngestion] - Error checking if book exists: This Session's transaction has been rolled back due to a previous exception during flush. To begin a new transaction with this Session, first issue Session.rollback(). Original exception was: (raised as a result of Query-invoked autoflush; consider using a session.no_autoflush block if this flush is occurring prematurely)
(sqlite3.IntegrityError) UNIQUE constraint failed: books.isbn
[SQL: INSERT INTO books (title, author, isbn, description, category, subcategory, price, original_price, pages, year, publisher, language, edition, format, condition, image, rating, verified, in_stock, stock_quantity, created_at, updated_at) VALUES (?, ?, ?, ?, ?, ?, ?, ?, ?, ?, ?, ?, ?, ?, ?, ?, ?, ?, ?, ?, ?, ?)]
[parameters: ('Operating System Concepts Essentials', 'Abraham Silberschatz', '1119017475', 'A comprehensive book on Operating Systems Concepts', 'UG', 'Operating Systems', 533.0, 648.41, 582, 2010, 'Unknown', 'English', '3s Edition', 'Hardcover', 'Fair', 'https://covers.openlibrary.org/b/isbn/1119017475-M.jpg', 3.6, 1, 1, 4, '2026-04-12 10:36:31.644954', '2026-04-12 10:36:31.644954')]
(Background on this error at: https://sqlalche.me/e/20/gkpj) (Background on this error at: https://sqlalche.me/e/20/7s2a)
2026-04-12 16:08:06,221 - INFO - [BookIngestion] -     ✓ Added: Guide to TCP/IP by Laura A. Chappell
2026-04-12 16:08:06,738 - INFO - [BookIngestion] -     🔍 Searching for: Network Security Essentials
2026-04-12 16:08:07,725 - INFO - [BookIngestion] - ✓ Found 6 books for query: Network Security Essentials
2026-04-12 16:08:07,732 - ERROR - [BookIngestion] - Error checking if book exists: This Session's transaction has been rolled back due to a previous exception during flush. To begin a new transaction with this Session, first issue Session.rollback(). Original exception was: (raised as a result of Query-invoked autoflush; consider using a session.no_autoflush block if this flush is occurring prematurely)
(sqlite3.IntegrityError) UNIQUE constraint failed: books.isbn
[SQL: INSERT INTO books (title, author, isbn, description, category, subcategory, price, original_price, pages, year, publisher, language, edition, format, condition, image, rating, verified, in_stock, stock_quantity, created_at, updated_at) VALUES (?, ?, ?, ?, ?, ?, ?, ?, ?, ?, ?, ?, ?, ?, ?, ?, ?, ?, ?, ?, ?, ?)]
[parameters: ('Operating System Concepts Essentials', 'Abraham Silberschatz', '1119017475', 'A comprehensive book on Operating Systems Concepts', 'UG', 'Operating Systems', 533.0, 648.41, 582, 2010, 'Unknown', 'English', '3s Edition', 'Hardcover', 'Fair', 'https://covers.openlibrary.org/b/isbn/1119017475-M.jpg', 3.6, 1, 1, 4, '2026-04-12 10:36:31.644954', '2026-04-12 10:36:31.644954')]
(Background on this error at: https://sqlalche.me/e/20/gkpj) (Background on this error at: https://sqlalche.me/e/20/7s2a)
2026-04-12 16:08:12,517 - INFO - [BookIngestion] -     ✓ Added: Network Security Essentials by William Stallings
2026-04-12 16:08:12,517 - ERROR - [BookIngestion] - Error checking if book exists: This Session's transaction has been rolled back due to a previous exception during flush. To begin a new transaction with this Session, first issue Session.rollback(). Original exception was: (raised as a result of Query-invoked autoflush; consider using a session.no_autoflush block if this flush is occurring prematurely)
(sqlite3.IntegrityError) UNIQUE constraint failed: books.isbn
[SQL: INSERT INTO books (title, author, isbn, description, category, subcategory, price, original_price, pages, year, publisher, language, edition, format, condition, image, rating, verified, in_stock, stock_quantity, created_at, updated_at) VALUES (?, ?, ?, ?, ?, ?, ?, ?, ?, ?, ?, ?, ?, ?, ?, ?, ?, ?, ?, ?, ?, ?)]
[parameters: ('Operating System Concepts Essentials', 'Abraham Silberschatz', '1119017475', 'A comprehensive book on Operating Systems Concepts', 'UG', 'Operating Systems', 533.0, 648.41, 582, 2010, 'Unknown', 'English', '3s Edition', 'Hardcover', 'Fair', 'https://covers.openlibrary.org/b/isbn/1119017475-M.jpg', 3.6, 1, 1, 4, '2026-04-12 10:36:31.644954', '2026-04-12 10:36:31.644954')]
(Background on this error at: https://sqlalche.me/e/20/gkpj) (Background on this error at: https://sqlalche.me/e/20/7s2a)
2026-04-12 16:08:15,852 - INFO - [BookIngestion] -     ✓ Added: Network security essentials by William Stallings
2026-04-12 16:08:15,852 - ERROR - [BookIngestion] - Error checking if book exists: This Session's transaction has been rolled back due to a previous exception during flush. To begin a new transaction with this Session, first issue Session.rollback(). Original exception was: (raised as a result of Query-invoked autoflush; consider using a session.no_autoflush block if this flush is occurring prematurely)
(sqlite3.IntegrityError) UNIQUE constraint failed: books.isbn
[SQL: INSERT INTO books (title, author, isbn, description, category, subcategory, price, original_price, pages, year, publisher, language, edition, format, condition, image, rating, verified, in_stock, stock_quantity, created_at, updated_at) VALUES (?, ?, ?, ?, ?, ?, ?, ?, ?, ?, ?, ?, ?, ?, ?, ?, ?, ?, ?, ?, ?, ?)]
[parameters: ('Operating System Concepts Essentials', 'Abraham Silberschatz', '1119017475', 'A comprehensive book on Operating Systems Concepts', 'UG', 'Operating Systems', 533.0, 648.41, 582, 2010, 'Unknown', 'English', '3s Edition', 'Hardcover', 'Fair', 'https://covers.openlibrary.org/b/isbn/1119017475-M.jpg', 3.6, 1, 1, 4, '2026-04-12 10:36:31.644954', '2026-04-12 10:36:31.644954')]
(Background on this error at: https://sqlalche.me/e/20/gkpj) (Background on this error at: https://sqlalche.me/e/20/7s2a)
2026-04-12 16:08:20,728 - INFO - [BookIngestion] -     ✓ Added: Network security essentials by William Stallings
2026-04-12 16:08:20,728 - ERROR - [BookIngestion] - Error checking if book exists: This Session's transaction has been rolled back due to a previous exception during flush. To begin a new transaction with this Session, first issue Session.rollback(). Original exception was: (raised as a result of Query-invoked autoflush; consider using a session.no_autoflush block if this flush is occurring prematurely)
(sqlite3.IntegrityError) UNIQUE constraint failed: books.isbn
[SQL: INSERT INTO books (title, author, isbn, description, category, subcategory, price, original_price, pages, year, publisher, language, edition, format, condition, image, rating, verified, in_stock, stock_quantity, created_at, updated_at) VALUES (?, ?, ?, ?, ?, ?, ?, ?, ?, ?, ?, ?, ?, ?, ?, ?, ?, ?, ?, ?, ?, ?)]
[parameters: ('Operating System Concepts Essentials', 'Abraham Silberschatz', '1119017475', 'A comprehensive book on Operating Systems Concepts', 'UG', 'Operating Systems', 533.0, 648.41, 582, 2010, 'Unknown', 'English', '3s Edition', 'Hardcover', 'Fair', 'https://covers.openlibrary.org/b/isbn/1119017475-M.jpg', 3.6, 1, 1, 4, '2026-04-12 10:36:31.644954', '2026-04-12 10:36:31.644954')]
(Background on this error at: https://sqlalche.me/e/20/gkpj) (Background on this error at: https://sqlalche.me/e/20/7s2a)
2026-04-12 16:08:35,294 - INFO - [BookIngestion] -     ✓ Added: Network Security Essentials by William Stallings
2026-04-12 16:08:35,296 - ERROR - [BookIngestion] - Error checking if book exists: This Session's transaction has been rolled back due to a previous exception during flush. To begin a new transaction with this Session, first issue Session.rollback(). Original exception was: (raised as a result of Query-invoked autoflush; consider using a session.no_autoflush block if this flush is occurring prematurely)
(sqlite3.IntegrityError) UNIQUE constraint failed: books.isbn
[SQL: INSERT INTO books (title, author, isbn, description, category, subcategory, price, original_price, pages, year, publisher, language, edition, format, condition, image, rating, verified, in_stock, stock_quantity, created_at, updated_at) VALUES (?, ?, ?, ?, ?, ?, ?, ?, ?, ?, ?, ?, ?, ?, ?, ?, ?, ?, ?, ?, ?, ?)]
[parameters: ('Operating System Concepts Essentials', 'Abraham Silberschatz', '1119017475', 'A comprehensive book on Operating Systems Concepts', 'UG', 'Operating Systems', 533.0, 648.41, 582, 2010, 'Unknown', 'English', '3s Edition', 'Hardcover', 'Fair', 'https://covers.openlibrary.org/b/isbn/1119017475-M.jpg', 3.6, 1, 1, 4, '2026-04-12 10:36:31.644954', '2026-04-12 10:36:31.644954')]
(Background on this error at: https://sqlalche.me/e/20/gkpj) (Background on this error at: https://sqlalche.me/e/20/7s2a)
2026-04-12 16:08:40,294 - INFO - [BookIngestion] -     ✓ Added: Network Security Essentials by Ahmed Sheikh
2026-04-12 16:08:40,294 - ERROR - [BookIngestion] - Error checking if book exists: This Session's transaction has been rolled back due to a previous exception during flush. To begin a new transaction with this Session, first issue Session.rollback(). Original exception was: (raised as a result of Query-invoked autoflush; consider using a session.no_autoflush block if this flush is occurring prematurely)
(sqlite3.IntegrityError) UNIQUE constraint failed: books.isbn
[SQL: INSERT INTO books (title, author, isbn, description, category, subcategory, price, original_price, pages, year, publisher, language, edition, format, condition, image, rating, verified, in_stock, stock_quantity, created_at, updated_at) VALUES (?, ?, ?, ?, ?, ?, ?, ?, ?, ?, ?, ?, ?, ?, ?, ?, ?, ?, ?, ?, ?, ?)]
[parameters: ('Operating System Concepts Essentials', 'Abraham Silberschatz', '1119017475', 'A comprehensive book on Operating Systems Concepts', 'UG', 'Operating Systems', 533.0, 648.41, 582, 2010, 'Unknown', 'English', '3s Edition', 'Hardcover', 'Fair', 'https://covers.openlibrary.org/b/isbn/1119017475-M.jpg', 3.6, 1, 1, 4, '2026-04-12 10:36:31.644954', '2026-04-12 10:36:31.644954')]
(Background on this error at: https://sqlalche.me/e/20/gkpj) (Background on this error at: https://sqlalche.me/e/20/7s2a)
2026-04-12 16:08:44,341 - INFO - [BookIngestion] -     ✓ Added: Network Security Essentials by Alan D. Ross
2026-04-12 16:08:44,856 - INFO - [BookIngestion] -   📖 Subcategory: AI & ML
2026-04-12 16:08:44,856 - INFO - [BookIngestion] -     🔍 Searching for: Introduction to Machine Learning
2026-04-12 16:08:47,086 - INFO - [BookIngestion] - ✓ Found 6 books for query: Introduction to Machine Learning
2026-04-12 16:08:47,086 - ERROR - [BookIngestion] - Error checking if book exists: This Session's transaction has been rolled back due to a previous exception during flush. To begin a new transaction with this Session, first issue Session.rollback(). Original exception was: (raised as a result of Query-invoked autoflush; consider using a session.no_autoflush block if this flush is occurring prematurely)
(sqlite3.IntegrityError) UNIQUE constraint failed: books.isbn
[SQL: INSERT INTO books (title, author, isbn, description, category, subcategory, price, original_price, pages, year, publisher, language, edition, format, condition, image, rating, verified, in_stock, stock_quantity, created_at, updated_at) VALUES (?, ?, ?, ?, ?, ?, ?, ?, ?, ?, ?, ?, ?, ?, ?, ?, ?, ?, ?, ?, ?, ?)]
[parameters: ('Operating System Concepts Essentials', 'Abraham Silberschatz', '1119017475', 'A comprehensive book on Operating Systems Concepts', 'UG', 'Operating Systems', 533.0, 648.41, 582, 2010, 'Unknown', 'English', '3s Edition', 'Hardcover', 'Fair', 'https://covers.openlibrary.org/b/isbn/1119017475-M.jpg', 3.6, 1, 1, 4, '2026-04-12 10:36:31.644954', '2026-04-12 10:36:31.644954')]
(Background on this error at: https://sqlalche.me/e/20/gkpj) (Background on this error at: https://sqlalche.me/e/20/7s2a)
2026-04-12 16:08:50,321 - INFO - [BookIngestion] -     ✓ Added: Introduction to machine learning by Ethem Alpaydin
2026-04-12 16:08:50,322 - ERROR - [BookIngestion] - Error checking if book exists: This Session's transaction has been rolled back due to a previous exception during flush. To begin a new transaction with this Session, first issue Session.rollback(). Original exception was: (raised as a result of Query-invoked autoflush; consider using a session.no_autoflush block if this flush is occurring prematurely)
(sqlite3.IntegrityError) UNIQUE constraint failed: books.isbn
[SQL: INSERT INTO books (title, author, isbn, description, category, subcategory, price, original_price, pages, year, publisher, language, edition, format, condition, image, rating, verified, in_stock, stock_quantity, created_at, updated_at) VALUES (?, ?, ?, ?, ?, ?, ?, ?, ?, ?, ?, ?, ?, ?, ?, ?, ?, ?, ?, ?, ?, ?)]
[parameters: ('Operating System Concepts Essentials', 'Abraham Silberschatz', '1119017475', 'A comprehensive book on Operating Systems Concepts', 'UG', 'Operating Systems', 533.0, 648.41, 582, 2010, 'Unknown', 'English', '3s Edition', 'Hardcover', 'Fair', 'https://covers.openlibrary.org/b/isbn/1119017475-M.jpg', 3.6, 1, 1, 4, '2026-04-12 10:36:31.644954', '2026-04-12 10:36:31.644954')]
(Background on this error at: https://sqlalche.me/e/20/gkpj) (Background on this error at: https://sqlalche.me/e/20/7s2a)
2026-04-12 16:08:56,341 - INFO - [BookIngestion] -     ✓ Added: Introduction to Machine Learning with Python by Andreas C. Mueller
2026-04-12 16:08:56,358 - ERROR - [BookIngestion] - Error checking if book exists: This Session's transaction has been rolled back due to a previous exception during flush. To begin a new transaction with this Session, first issue Session.rollback(). Original exception was: (raised as a result of Query-invoked autoflush; consider using a session.no_autoflush block if this flush is occurring prematurely)
(sqlite3.IntegrityError) UNIQUE constraint failed: books.isbn
[SQL: INSERT INTO books (title, author, isbn, description, category, subcategory, price, original_price, pages, year, publisher, language, edition, format, condition, image, rating, verified, in_stock, stock_quantity, created_at, updated_at) VALUES (?, ?, ?, ?, ?, ?, ?, ?, ?, ?, ?, ?, ?, ?, ?, ?, ?, ?, ?, ?, ?, ?)]
[parameters: ('Operating System Concepts Essentials', 'Abraham Silberschatz', '1119017475', 'A comprehensive book on Operating Systems Concepts', 'UG', 'Operating Systems', 533.0, 648.41, 582, 2010, 'Unknown', 'English', '3s Edition', 'Hardcover', 'Fair', 'https://covers.openlibrary.org/b/isbn/1119017475-M.jpg', 3.6, 1, 1, 4, '2026-04-12 10:36:31.644954', '2026-04-12 10:36:31.644954')]
(Background on this error at: https://sqlalche.me/e/20/gkpj) (Background on this error at: https://sqlalche.me/e/20/7s2a)
2026-04-12 16:09:01,063 - INFO - [BookIngestion] -     ✓ Added: Introduction to Machine Learning by Ethem Alpaydin
2026-04-12 16:09:01,063 - ERROR - [BookIngestion] - Error checking if book exists: This Session's transaction has been rolled back due to a previous exception during flush. To begin a new transaction with this Session, first issue Session.rollback(). Original exception was: (raised as a result of Query-invoked autoflush; consider using a session.no_autoflush block if this flush is occurring prematurely)
(sqlite3.IntegrityError) UNIQUE constraint failed: books.isbn
[SQL: INSERT INTO books (title, author, isbn, description, category, subcategory, price, original_price, pages, year, publisher, language, edition, format, condition, image, rating, verified, in_stock, stock_quantity, created_at, updated_at) VALUES (?, ?, ?, ?, ?, ?, ?, ?, ?, ?, ?, ?, ?, ?, ?, ?, ?, ?, ?, ?, ?, ?)]
[parameters: ('Operating System Concepts Essentials', 'Abraham Silberschatz', '1119017475', 'A comprehensive book on Operating Systems Concepts', 'UG', 'Operating Systems', 533.0, 648.41, 582, 2010, 'Unknown', 'English', '3s Edition', 'Hardcover', 'Fair', 'https://covers.openlibrary.org/b/isbn/1119017475-M.jpg', 3.6, 1, 1, 4, '2026-04-12 10:36:31.644954', '2026-04-12 10:36:31.644954')]
(Background on this error at: https://sqlalche.me/e/20/gkpj) (Background on this error at: https://sqlalche.me/e/20/7s2a)
2026-04-12 16:09:16,210 - INFO - [BookIngestion] -     ✓ Added: Introduction to machine learning and bioinformatics by Sushmita Mitra
2026-04-12 16:09:16,212 - ERROR - [BookIngestion] - Error checking if book exists: This Session's transaction has been rolled back due to a previous exception during flush. To begin a new transaction with this Session, first issue Session.rollback(). Original exception was: (raised as a result of Query-invoked autoflush; consider using a session.no_autoflush block if this flush is occurring prematurely)
(sqlite3.IntegrityError) UNIQUE constraint failed: books.isbn
[SQL: INSERT INTO books (title, author, isbn, description, category, subcategory, price, original_price, pages, year, publisher, language, edition, format, condition, image, rating, verified, in_stock, stock_quantity, created_at, updated_at) VALUES (?, ?, ?, ?, ?, ?, ?, ?, ?, ?, ?, ?, ?, ?, ?, ?, ?, ?, ?, ?, ?, ?)]
[parameters: ('Operating System Concepts Essentials', 'Abraham Silberschatz', '1119017475', 'A comprehensive book on Operating Systems Concepts', 'UG', 'Operating Systems', 533.0, 648.41, 582, 2010, 'Unknown', 'English', '3s Edition', 'Hardcover', 'Fair', 'https://covers.openlibrary.org/b/isbn/1119017475-M.jpg', 3.6, 1, 1, 4, '2026-04-12 10:36:31.644954', '2026-04-12 10:36:31.644954')]
(Background on this error at: https://sqlalche.me/e/20/gkpj) (Background on this error at: https://sqlalche.me/e/20/7s2a)
2026-04-12 16:09:18,460 - INFO - [BookIngestion] -     ✓ Added: Introduction to Machine Learning by Etienne Bernard
2026-04-12 16:09:18,460 - ERROR - [BookIngestion] - Error checking if book exists: This Session's transaction has been rolled back due to a previous exception during flush. To begin a new transaction with this Session, first issue Session.rollback(). Original exception was: (raised as a result of Query-invoked autoflush; consider using a session.no_autoflush block if this flush is occurring prematurely)
(sqlite3.IntegrityError) UNIQUE constraint failed: books.isbn
[SQL: INSERT INTO books (title, author, isbn, description, category, subcategory, price, original_price, pages, year, publisher, language, edition, format, condition, image, rating, verified, in_stock, stock_quantity, created_at, updated_at) VALUES (?, ?, ?, ?, ?, ?, ?, ?, ?, ?, ?, ?, ?, ?, ?, ?, ?, ?, ?, ?, ?, ?)]
[parameters: ('Operating System Concepts Essentials', 'Abraham Silberschatz', '1119017475', 'A comprehensive book on Operating Systems Concepts', 'UG', 'Operating Systems', 533.0, 648.41, 582, 2010, 'Unknown', 'English', '3s Edition', 'Hardcover', 'Fair', 'https://covers.openlibrary.org/b/isbn/1119017475-M.jpg', 3.6, 1, 1, 4, '2026-04-12 10:36:31.644954', '2026-04-12 10:36:31.644954')]
(Background on this error at: https://sqlalche.me/e/20/gkpj) (Background on this error at: https://sqlalche.me/e/20/7s2a)
2026-04-12 16:09:20,672 - INFO - [BookIngestion] -     ✓ Added: Introduction to Machine Learning by Ruye Wang
2026-04-12 16:09:21,180 - INFO - [BookIngestion] -     🔍 Searching for: Pattern Recognition and Machine Learning
2026-04-12 16:09:23,043 - INFO - [BookIngestion] - ✓ Found 6 books for query: Pattern Recognition and Machine Learning
2026-04-12 16:09:23,051 - ERROR - [BookIngestion] - Error checking if book exists: This Session's transaction has been rolled back due to a previous exception during flush. To begin a new transaction with this Session, first issue Session.rollback(). Original exception was: (raised as a result of Query-invoked autoflush; consider using a session.no_autoflush block if this flush is occurring prematurely)
(sqlite3.IntegrityError) UNIQUE constraint failed: books.isbn
[SQL: INSERT INTO books (title, author, isbn, description, category, subcategory, price, original_price, pages, year, publisher, language, edition, format, condition, image, rating, verified, in_stock, stock_quantity, created_at, updated_at) VALUES (?, ?, ?, ?, ?, ?, ?, ?, ?, ?, ?, ?, ?, ?, ?, ?, ?, ?, ?, ?, ?, ?)]
[parameters: ('Operating System Concepts Essentials', 'Abraham Silberschatz', '1119017475', 'A comprehensive book on Operating Systems Concepts', 'UG', 'Operating Systems', 533.0, 648.41, 582, 2010, 'Unknown', 'English', '3s Edition', 'Hardcover', 'Fair', 'https://covers.openlibrary.org/b/isbn/1119017475-M.jpg', 3.6, 1, 1, 4, '2026-04-12 10:36:31.644954', '2026-04-12 10:36:31.644954')]
(Background on this error at: https://sqlalche.me/e/20/gkpj) (Background on this error at: https://sqlalche.me/e/20/7s2a)
2026-04-12 16:09:26,362 - INFO - [BookIngestion] -     ✓ Added: Pattern recognition and machine learning by Japan-U.S. Seminar on the Learning Process in Control Systems Nagoya, Japan 1970.
2026-04-12 16:09:26,362 - ERROR - [BookIngestion] - Error checking if book exists: This Session's transaction has been rolled back due to a previous exception during flush. To begin a new transaction with this Session, first issue Session.rollback(). Original exception was: (raised as a result of Query-invoked autoflush; consider using a session.no_autoflush block if this flush is occurring prematurely)
(sqlite3.IntegrityError) UNIQUE constraint failed: books.isbn
[SQL: INSERT INTO books (title, author, isbn, description, category, subcategory, price, original_price, pages, year, publisher, language, edition, format, condition, image, rating, verified, in_stock, stock_quantity, created_at, updated_at) VALUES (?, ?, ?, ?, ?, ?, ?, ?, ?, ?, ?, ?, ?, ?, ?, ?, ?, ?, ?, ?, ?, ?)]
[parameters: ('Operating System Concepts Essentials', 'Abraham Silberschatz', '1119017475', 'A comprehensive book on Operating Systems Concepts', 'UG', 'Operating Systems', 533.0, 648.41, 582, 2010, 'Unknown', 'English', '3s Edition', 'Hardcover', 'Fair', 'https://covers.openlibrary.org/b/isbn/1119017475-M.jpg', 3.6, 1, 1, 4, '2026-04-12 10:36:31.644954', '2026-04-12 10:36:31.644954')]
(Background on this error at: https://sqlalche.me/e/20/gkpj) (Background on this error at: https://sqlalche.me/e/20/7s2a)
2026-04-12 16:09:30,352 - INFO - [BookIngestion] -     ✓ Added: Pattern Recognition and Machine Learning by Christopher M. Bishop
2026-04-12 16:09:30,352 - ERROR - [BookIngestion] - Error checking if book exists: This Session's transaction has been rolled back due to a previous exception during flush. To begin a new transaction with this Session, first issue Session.rollback(). Original exception was: (raised as a result of Query-invoked autoflush; consider using a session.no_autoflush block if this flush is occurring prematurely)
(sqlite3.IntegrityError) UNIQUE constraint failed: books.isbn
[SQL: INSERT INTO books (title, author, isbn, description, category, subcategory, price, original_price, pages, year, publisher, language, edition, format, condition, image, rating, verified, in_stock, stock_quantity, created_at, updated_at) VALUES (?, ?, ?, ?, ?, ?, ?, ?, ?, ?, ?, ?, ?, ?, ?, ?, ?, ?, ?, ?, ?, ?)]
[parameters: ('Operating System Concepts Essentials', 'Abraham Silberschatz', '1119017475', 'A comprehensive book on Operating Systems Concepts', 'UG', 'Operating Systems', 533.0, 648.41, 582, 2010, 'Unknown', 'English', '3s Edition', 'Hardcover', 'Fair', 'https://covers.openlibrary.org/b/isbn/1119017475-M.jpg', 3.6, 1, 1, 4, '2026-04-12 10:36:31.644954', '2026-04-12 10:36:31.644954')]
(Background on this error at: https://sqlalche.me/e/20/gkpj) (Background on this error at: https://sqlalche.me/e/20/7s2a)
2026-04-12 16:09:32,561 - INFO - [BookIngestion] -     ✓ Added: Pattern Recognition and Machine Learning by Y. Anzai
2026-04-12 16:09:32,561 - ERROR - [BookIngestion] - Error checking if book exists: This Session's transaction has been rolled back due to a previous exception during flush. To begin a new transaction with this Session, first issue Session.rollback(). Original exception was: (raised as a result of Query-invoked autoflush; consider using a session.no_autoflush block if this flush is occurring prematurely)
(sqlite3.IntegrityError) UNIQUE constraint failed: books.isbn
[SQL: INSERT INTO books (title, author, isbn, description, category, subcategory, price, original_price, pages, year, publisher, language, edition, format, condition, image, rating, verified, in_stock, stock_quantity, created_at, updated_at) VALUES (?, ?, ?, ?, ?, ?, ?, ?, ?, ?, ?, ?, ?, ?, ?, ?, ?, ?, ?, ?, ?, ?)]
[parameters: ('Operating System Concepts Essentials', 'Abraham Silberschatz', '1119017475', 'A comprehensive book on Operating Systems Concepts', 'UG', 'Operating Systems', 533.0, 648.41, 582, 2010, 'Unknown', 'English', '3s Edition', 'Hardcover', 'Fair', 'https://covers.openlibrary.org/b/isbn/1119017475-M.jpg', 3.6, 1, 1, 4, '2026-04-12 10:36:31.644954', '2026-04-12 10:36:31.644954')]
(Background on this error at: https://sqlalche.me/e/20/gkpj) (Background on this error at: https://sqlalche.me/e/20/7s2a)
2026-04-12 16:09:35,545 - INFO - [BookIngestion] -     ✓ Added: Pattern Recognition and Machine Learning by Massimo Buscema
2026-04-12 16:09:35,545 - ERROR - [BookIngestion] - Error checking if book exists: This Session's transaction has been rolled back due to a previous exception during flush. To begin a new transaction with this Session, first issue Session.rollback(). Original exception was: (raised as a result of Query-invoked autoflush; consider using a session.no_autoflush block if this flush is occurring prematurely)
(sqlite3.IntegrityError) UNIQUE constraint failed: books.isbn
[SQL: INSERT INTO books (title, author, isbn, description, category, subcategory, price, original_price, pages, year, publisher, language, edition, format, condition, image, rating, verified, in_stock, stock_quantity, created_at, updated_at) VALUES (?, ?, ?, ?, ?, ?, ?, ?, ?, ?, ?, ?, ?, ?, ?, ?, ?, ?, ?, ?, ?, ?)]
[parameters: ('Operating System Concepts Essentials', 'Abraham Silberschatz', '1119017475', 'A comprehensive book on Operating Systems Concepts', 'UG', 'Operating Systems', 533.0, 648.41, 582, 2010, 'Unknown', 'English', '3s Edition', 'Hardcover', 'Fair', 'https://covers.openlibrary.org/b/isbn/1119017475-M.jpg', 3.6, 1, 1, 4, '2026-04-12 10:36:31.644954', '2026-04-12 10:36:31.644954')]
(Background on this error at: https://sqlalche.me/e/20/gkpj) (Background on this error at: https://sqlalche.me/e/20/7s2a)
2026-04-12 16:09:38,777 - INFO - [BookIngestion] -     ✓ Added: Pattern recognition and machine learning by Yūichirō Anzai
2026-04-12 16:09:38,777 - ERROR - [BookIngestion] - Error checking if book exists: This Session's transaction has been rolled back due to a previous exception during flush. To begin a new transaction with this Session, first issue Session.rollback(). Original exception was: (raised as a result of Query-invoked autoflush; consider using a session.no_autoflush block if this flush is occurring prematurely)
(sqlite3.IntegrityError) UNIQUE constraint failed: books.isbn
[SQL: INSERT INTO books (title, author, isbn, description, category, subcategory, price, original_price, pages, year, publisher, language, edition, format, condition, image, rating, verified, in_stock, stock_quantity, created_at, updated_at) VALUES (?, ?, ?, ?, ?, ?, ?, ?, ?, ?, ?, ?, ?, ?, ?, ?, ?, ?, ?, ?, ?, ?)]
[parameters: ('Operating System Concepts Essentials', 'Abraham Silberschatz', '1119017475', 'A comprehensive book on Operating Systems Concepts', 'UG', 'Operating Systems', 533.0, 648.41, 582, 2010, 'Unknown', 'English', '3s Edition', 'Hardcover', 'Fair', 'https://covers.openlibrary.org/b/isbn/1119017475-M.jpg', 3.6, 1, 1, 4, '2026-04-12 10:36:31.644954', '2026-04-12 10:36:31.644954')]
(Background on this error at: https://sqlalche.me/e/20/gkpj) (Background on this error at: https://sqlalche.me/e/20/7s2a)
2026-04-12 16:09:42,912 - INFO - [BookIngestion] -     ✓ Added: Sequential methods in pattern recognition and machine learning by K. S. Fu
2026-04-12 16:09:42,912 - ERROR - [BookIngestion] -     ✗ Error adding book: This Session's transaction has been rolled back due to a previous exception during flush. To begin a new transaction with this Session, first issue Session.rollback(). Original exception was: (raised as a result of Query-invoked autoflush; consider using a session.no_autoflush block if this flush is occurring prematurely)
(sqlite3.IntegrityError) UNIQUE constraint failed: books.isbn
[SQL: INSERT INTO books (title, author, isbn, description, category, subcategory, price, original_price, pages, year, publisher, language, edition, format, condition, image, rating, verified, in_stock, stock_quantity, created_at, updated_at) VALUES (?, ?, ?, ?, ?, ?, ?, ?, ?, ?, ?, ?, ?, ?, ?, ?, ?, ?, ?, ?, ?, ?)]
[parameters: ('Operating System Concepts Essentials', 'Abraham Silberschatz', '1119017475', 'A comprehensive book on Operating Systems Concepts', 'UG', 'Operating Systems', 533.0, 648.41, 582, 2010, 'Unknown', 'English', '3s Edition', 'Hardcover', 'Fair', 'https://covers.openlibrary.org/b/isbn/1119017475-M.jpg', 3.6, 1, 1, 4, '2026-04-12 10:36:31.644954', '2026-04-12 10:36:31.644954')]
(Background on this error at: https://sqlalche.me/e/20/gkpj) (Background on this error at: https://sqlalche.me/e/20/7s2a)
2026-04-12 16:09:43,436 - INFO - [BookIngestion] -     🔍 Searching for: Deep Learning
2026-04-12 16:09:44,346 - INFO - [BookIngestion] - ✓ Found 6 books for query: Deep Learning
2026-04-12 16:09:47,595 - INFO - [BookIngestion] -     ✓ Added: Three Men in a Boat (to say nothing of the dog) by Jerome Klapka Jérôme
2026-04-12 16:09:50,246 - INFO - [BookIngestion] -     ✓ Added: The Lion, the Witch and the Wardrobe by C. S. Lewis
2026-04-12 16:09:54,697 - INFO - [BookIngestion] -     ✓ Added: The Two Towers by J.R.R. Tolkien
2026-04-12 16:09:56,690 - INFO - [BookIngestion] -     ✓ Added: Adventures of Huckleberry Finn by Mark Twain
2026-04-12 16:09:58,984 - INFO - [BookIngestion] -     ✓ Added: Deep Learning by Paul Christoph Feichtinger
2026-04-12 16:09:59,498 - INFO - [BookIngestion] -     🔍 Searching for: Hands-On Machine Learning
2026-04-12 16:10:00,367 - INFO - [BookIngestion] - ✓ Found 6 books for query: Hands-On Machine Learning
2026-04-12 16:10:02,728 - INFO - [BookIngestion] -     ✓ Added: Hands-On Machine Learning with Scikit-Learn, Keras, and TensorFlow by Aurélien Géron
2026-04-12 16:10:04,916 - INFO - [BookIngestion] -     ✓ Added: Hands on Machine Learning by Kelly Gate
2026-04-12 16:10:08,619 - INFO - [BookIngestion] -     ✓ Added: Hands on Machine Learning with Scikit Learn by Amir Ali
2026-04-12 16:10:13,003 - INFO - [BookIngestion] -     ✓ Added: Hands-On Machine Learning with R by Brad Boehmke
2026-04-12 16:10:17,271 - INFO - [BookIngestion] -     ✓ Added: Hands on Machine Learning with Python by John Anderson
2026-04-12 16:10:20,923 - INFO - [BookIngestion] -     ✓ Added: Hands-On Machine Learning with JavaScript by Burak Kanber
2026-04-12 16:10:21,437 - INFO - [BookIngestion] -   ✅ Undergraduate: 161 books added
2026-04-12 16:10:21,439 - INFO - [BookIngestion] - 
📚 Processing Postgraduate (target: 30 books)
2026-04-12 16:10:21,439 - INFO - [BookIngestion] - ============================================================
2026-04-12 16:10:21,439 - INFO - [BookIngestion] -   📖 Subcategory: Advanced Algorithms
2026-04-12 16:10:21,439 - INFO - [BookIngestion] -     🔍 Searching for: Advanced Algorithm Design
2026-04-12 16:10:22,836 - INFO - [BookIngestion] - ✓ Found 6 books for query: Advanced Algorithm Design
2026-04-12 16:10:26,488 - INFO - [BookIngestion] -     ✓ Added: Advances in Computers, Volume 49 (Advances in Computers) by Marvin V. Zelkowitz
2026-04-12 16:10:30,138 - INFO - [BookIngestion] -     ✓ Added: Introduction to Algorithms by Thomas H. Cormen
2026-04-12 16:10:33,367 - INFO - [BookIngestion] -     ✓ Added: Computer Networks by Andrew S. Tanenbaum
2026-04-12 16:10:38,070 - INFO - [BookIngestion] -     ✓ Added: Advances in Computers by Marshall C. Yovits
2026-04-12 16:10:44,467 - INFO - [BookIngestion] -     ✓ Added: Design Analysis and Algorithms by Hari Mohan Pandey
2026-04-12 16:10:47,751 - INFO - [BookIngestion] -     ✓ Added: Data structures and algorithm analysis in C by Mark Allen Weiss
2026-04-12 16:10:48,266 - INFO - [BookIngestion] -     🔍 Searching for: Computational Complexity
2026-04-12 16:10:49,254 - INFO - [BookIngestion] - ✓ Found 6 books for query: Computational Complexity
2026-04-12 16:10:52,373 - INFO - [BookIngestion] -     ✓ Added: Computational complexity by Randall Rustin
2026-04-12 16:10:55,981 - INFO - [BookIngestion] -     ✓ Added: Computational complexity by Oded Goldreich
2026-04-12 16:10:59,054 - INFO - [BookIngestion] -     ✓ Added: Les Robots by Isaac Asimov
2026-04-12 16:11:03,238 - INFO - [BookIngestion] -     ✓ Added: Theory of computational complexity by Ding-Zhu Du
2026-04-12 16:11:03,751 - INFO - [BookIngestion] -     🔍 Searching for: Network Algorithms
2026-04-12 16:11:04,835 - INFO - [BookIngestion] - ✓ Found 6 books for query: Network Algorithms
2026-04-12 16:11:07,826 - INFO - [BookIngestion] -     ✓ Added: Network algorithmics by George Varghese
2026-04-12 16:11:13,120 - INFO - [BookIngestion] -     ✓ Added: Data structures and network algorithms by Robert E. Tarjan
2026-04-12 16:11:17,813 - INFO - [BookIngestion] -     ✓ Added: Network Algorithmics, by George Varghese
2026-04-12 16:11:18,315 - INFO - [BookIngestion] -   📖 Subcategory: Compiler Design
2026-04-12 16:11:18,315 - INFO - [BookIngestion] -     🔍 Searching for: Compiler Design
2026-04-12 16:11:20,202 - INFO - [BookIngestion] - ✓ Found 6 books for query: Compiler Design
2026-04-12 16:11:20,204 - ERROR - [BookIngestion] - Error checking if book exists: (raised as a result of Query-invoked autoflush; consider using a session.no_autoflush block if this flush is occurring prematurely)
(sqlite3.IntegrityError) UNIQUE constraint failed: books.isbn
[SQL: INSERT INTO books (title, author, isbn, description, category, subcategory, price, original_price, pages, year, publisher, language, edition, format, condition, image, rating, verified, in_stock, stock_quantity, created_at, updated_at) VALUES (?, ?, ?, ?, ?, ?, ?, ?, ?, ?, ?, ?, ?, ?, ?, ?, ?, ?, ?, ?, ?, ?)]
[parameters: ('Network Algorithmics,', 'George Varghese', '9780120884773', 'A comprehensive book on Network Algorithms', 'PG', 'Advanced Algorithms', 324.0, 397.22, 444, 2004, 'Unknown', 'English', '2s Edition', 'e-book', 'Very Good', 'https://covers.openlibrary.org/b/isbn/9780120884773-M.jpg', 3.8, 1, 1, 20, '2026-04-12 10:41:20.204161', '2026-04-12 10:41:20.204161')]
(Background on this error at: https://sqlalche.me/e/20/gkpj)
2026-04-12 16:11:24,353 - INFO - [BookIngestion] -     ✓ Added: Othello by William Shakespeare
2026-04-12 16:11:24,353 - ERROR - [BookIngestion] - Error checking if book exists: This Session's transaction has been rolled back due to a previous exception during flush. To begin a new transaction with this Session, first issue Session.rollback(). Original exception was: (raised as a result of Query-invoked autoflush; consider using a session.no_autoflush block if this flush is occurring prematurely)
(sqlite3.IntegrityError) UNIQUE constraint failed: books.isbn
[SQL: INSERT INTO books (title, author, isbn, description, category, subcategory, price, original_price, pages, year, publisher, language, edition, format, condition, image, rating, verified, in_stock, stock_quantity, created_at, updated_at) VALUES (?, ?, ?, ?, ?, ?, ?, ?, ?, ?, ?, ?, ?, ?, ?, ?, ?, ?, ?, ?, ?, ?)]
[parameters: ('Network Algorithmics,', 'George Varghese', '9780120884773', 'A comprehensive book on Network Algorithms', 'PG', 'Advanced Algorithms', 324.0, 397.22, 444, 2004, 'Unknown', 'English', '2s Edition', 'e-book', 'Very Good', 'https://covers.openlibrary.org/b/isbn/9780120884773-M.jpg', 3.8, 1, 1, 20, '2026-04-12 10:41:20.204161', '2026-04-12 10:41:20.204161')]
(Background on this error at: https://sqlalche.me/e/20/gkpj) (Background on this error at: https://sqlalche.me/e/20/7s2a)
2026-04-12 16:11:27,904 - INFO - [BookIngestion] -     ✓ Added: English grammar by Lindley Murray
2026-04-12 16:11:27,906 - ERROR - [BookIngestion] - Error checking if book exists: This Session's transaction has been rolled back due to a previous exception during flush. To begin a new transaction with this Session, first issue Session.rollback(). Original exception was: (raised as a result of Query-invoked autoflush; consider using a session.no_autoflush block if this flush is occurring prematurely)
(sqlite3.IntegrityError) UNIQUE constraint failed: books.isbn
[SQL: INSERT INTO books (title, author, isbn, description, category, subcategory, price, original_price, pages, year, publisher, language, edition, format, condition, image, rating, verified, in_stock, stock_quantity, created_at, updated_at) VALUES (?, ?, ?, ?, ?, ?, ?, ?, ?, ?, ?, ?, ?, ?, ?, ?, ?, ?, ?, ?, ?, ?)]
[parameters: ('Network Algorithmics,', 'George Varghese', '9780120884773', 'A comprehensive book on Network Algorithms', 'PG', 'Advanced Algorithms', 324.0, 397.22, 444, 2004, 'Unknown', 'English', '2s Edition', 'e-book', 'Very Good', 'https://covers.openlibrary.org/b/isbn/9780120884773-M.jpg', 3.8, 1, 1, 20, '2026-04-12 10:41:20.204161', '2026-04-12 10:41:20.204161')]
(Background on this error at: https://sqlalche.me/e/20/gkpj) (Background on this error at: https://sqlalche.me/e/20/7s2a)
2026-04-12 16:11:31,434 - INFO - [BookIngestion] -     ✓ Added: Julius Caesar by William Shakespeare
2026-04-12 16:11:31,436 - ERROR - [BookIngestion] - Error checking if book exists: This Session's transaction has been rolled back due to a previous exception during flush. To begin a new transaction with this Session, first issue Session.rollback(). Original exception was: (raised as a result of Query-invoked autoflush; consider using a session.no_autoflush block if this flush is occurring prematurely)
(sqlite3.IntegrityError) UNIQUE constraint failed: books.isbn
[SQL: INSERT INTO books (title, author, isbn, description, category, subcategory, price, original_price, pages, year, publisher, language, edition, format, condition, image, rating, verified, in_stock, stock_quantity, created_at, updated_at) VALUES (?, ?, ?, ?, ?, ?, ?, ?, ?, ?, ?, ?, ?, ?, ?, ?, ?, ?, ?, ?, ?, ?)]
[parameters: ('Network Algorithmics,', 'George Varghese', '9780120884773', 'A comprehensive book on Network Algorithms', 'PG', 'Advanced Algorithms', 324.0, 397.22, 444, 2004, 'Unknown', 'English', '2s Edition', 'e-book', 'Very Good', 'https://covers.openlibrary.org/b/isbn/9780120884773-M.jpg', 3.8, 1, 1, 20, '2026-04-12 10:41:20.204161', '2026-04-12 10:41:20.204161')]
(Background on this error at: https://sqlalche.me/e/20/gkpj) (Background on this error at: https://sqlalche.me/e/20/7s2a)
2026-04-12 16:11:34,253 - INFO - [BookIngestion] -     ✓ Added: King Lear by William Shakespeare
2026-04-12 16:11:34,253 - ERROR - [BookIngestion] - Error checking if book exists: This Session's transaction has been rolled back due to a previous exception during flush. To begin a new transaction with this Session, first issue Session.rollback(). Original exception was: (raised as a result of Query-invoked autoflush; consider using a session.no_autoflush block if this flush is occurring prematurely)
(sqlite3.IntegrityError) UNIQUE constraint failed: books.isbn
[SQL: INSERT INTO books (title, author, isbn, description, category, subcategory, price, original_price, pages, year, publisher, language, edition, format, condition, image, rating, verified, in_stock, stock_quantity, created_at, updated_at) VALUES (?, ?, ?, ?, ?, ?, ?, ?, ?, ?, ?, ?, ?, ?, ?, ?, ?, ?, ?, ?, ?, ?)]
[parameters: ('Network Algorithmics,', 'George Varghese', '9780120884773', 'A comprehensive book on Network Algorithms', 'PG', 'Advanced Algorithms', 324.0, 397.22, 444, 2004, 'Unknown', 'English', '2s Edition', 'e-book', 'Very Good', 'https://covers.openlibrary.org/b/isbn/9780120884773-M.jpg', 3.8, 1, 1, 20, '2026-04-12 10:41:20.204161', '2026-04-12 10:41:20.204161')]
(Background on this error at: https://sqlalche.me/e/20/gkpj) (Background on this error at: https://sqlalche.me/e/20/7s2a)
2026-04-12 16:11:37,753 - INFO - [BookIngestion] -     ✓ Added: The Tempest by William Shakespeare
2026-04-12 16:11:37,753 - ERROR - [BookIngestion] - Error checking if book exists: This Session's transaction has been rolled back due to a previous exception during flush. To begin a new transaction with this Session, first issue Session.rollback(). Original exception was: (raised as a result of Query-invoked autoflush; consider using a session.no_autoflush block if this flush is occurring prematurely)
(sqlite3.IntegrityError) UNIQUE constraint failed: books.isbn
[SQL: INSERT INTO books (title, author, isbn, description, category, subcategory, price, original_price, pages, year, publisher, language, edition, format, condition, image, rating, verified, in_stock, stock_quantity, created_at, updated_at) VALUES (?, ?, ?, ?, ?, ?, ?, ?, ?, ?, ?, ?, ?, ?, ?, ?, ?, ?, ?, ?, ?, ?)]
[parameters: ('Network Algorithmics,', 'George Varghese', '9780120884773', 'A comprehensive book on Network Algorithms', 'PG', 'Advanced Algorithms', 324.0, 397.22, 444, 2004, 'Unknown', 'English', '2s Edition', 'e-book', 'Very Good', 'https://covers.openlibrary.org/b/isbn/9780120884773-M.jpg', 3.8, 1, 1, 20, '2026-04-12 10:41:20.204161', '2026-04-12 10:41:20.204161')]
(Background on this error at: https://sqlalche.me/e/20/gkpj) (Background on this error at: https://sqlalche.me/e/20/7s2a)
2026-04-12 16:11:42,046 - INFO - [BookIngestion] -     ✓ Added: Le Morte d'Arthur by Thomas Malory
2026-04-12 16:11:42,551 - INFO - [BookIngestion] -     🔍 Searching for: Programming Language Design
2026-04-12 16:11:44,610 - INFO - [BookIngestion] - ✓ Found 6 books for query: Programming Language Design
2026-04-12 16:11:44,610 - ERROR - [BookIngestion] - Error checking if book exists: This Session's transaction has been rolled back due to a previous exception during flush. To begin a new transaction with this Session, first issue Session.rollback(). Original exception was: (raised as a result of Query-invoked autoflush; consider using a session.no_autoflush block if this flush is occurring prematurely)
(sqlite3.IntegrityError) UNIQUE constraint failed: books.isbn
[SQL: INSERT INTO books (title, author, isbn, description, category, subcategory, price, original_price, pages, year, publisher, language, edition, format, condition, image, rating, verified, in_stock, stock_quantity, created_at, updated_at) VALUES (?, ?, ?, ?, ?, ?, ?, ?, ?, ?, ?, ?, ?, ?, ?, ?, ?, ?, ?, ?, ?, ?)]
[parameters: ('Network Algorithmics,', 'George Varghese', '9780120884773', 'A comprehensive book on Network Algorithms', 'PG', 'Advanced Algorithms', 324.0, 397.22, 444, 2004, 'Unknown', 'English', '2s Edition', 'e-book', 'Very Good', 'https://covers.openlibrary.org/b/isbn/9780120884773-M.jpg', 3.8, 1, 1, 20, '2026-04-12 10:41:20.204161', '2026-04-12 10:41:20.204161')]
(Background on this error at: https://sqlalche.me/e/20/gkpj) (Background on this error at: https://sqlalche.me/e/20/7s2a)
2026-04-12 16:11:52,208 - INFO - [BookIngestion] -     ✓ Added: Programming languages by Terrence W. Pratt
2026-04-12 16:11:52,208 - ERROR - [BookIngestion] - Error checking if book exists: This Session's transaction has been rolled back due to a previous exception during flush. To begin a new transaction with this Session, first issue Session.rollback(). Original exception was: (raised as a result of Query-invoked autoflush; consider using a session.no_autoflush block if this flush is occurring prematurely)
(sqlite3.IntegrityError) UNIQUE constraint failed: books.isbn
[SQL: INSERT INTO books (title, author, isbn, description, category, subcategory, price, original_price, pages, year, publisher, language, edition, format, condition, image, rating, verified, in_stock, stock_quantity, created_at, updated_at) VALUES (?, ?, ?, ?, ?, ?, ?, ?, ?, ?, ?, ?, ?, ?, ?, ?, ?, ?, ?, ?, ?, ?)]
[parameters: ('Network Algorithmics,', 'George Varghese', '9780120884773', 'A comprehensive book on Network Algorithms', 'PG', 'Advanced Algorithms', 324.0, 397.22, 444, 2004, 'Unknown', 'English', '2s Edition', 'e-book', 'Very Good', 'https://covers.openlibrary.org/b/isbn/9780120884773-M.jpg', 3.8, 1, 1, 20, '2026-04-12 10:41:20.204161', '2026-04-12 10:41:20.204161')]
(Background on this error at: https://sqlalche.me/e/20/gkpj) (Background on this error at: https://sqlalche.me/e/20/7s2a)
2026-04-12 16:11:54,927 - INFO - [BookIngestion] -     ✓ Added: Tutorial programming language design by Anthony I. Wasserman
2026-04-12 16:11:54,929 - ERROR - [BookIngestion] - Error checking if book exists: This Session's transaction has been rolled back due to a previous exception during flush. To begin a new transaction with this Session, first issue Session.rollback(). Original exception was: (raised as a result of Query-invoked autoflush; consider using a session.no_autoflush block if this flush is occurring prematurely)
(sqlite3.IntegrityError) UNIQUE constraint failed: books.isbn
[SQL: INSERT INTO books (title, author, isbn, description, category, subcategory, price, original_price, pages, year, publisher, language, edition, format, condition, image, rating, verified, in_stock, stock_quantity, created_at, updated_at) VALUES (?, ?, ?, ?, ?, ?, ?, ?, ?, ?, ?, ?, ?, ?, ?, ?, ?, ?, ?, ?, ?, ?)]
[parameters: ('Network Algorithmics,', 'George Varghese', '9780120884773', 'A comprehensive book on Network Algorithms', 'PG', 'Advanced Algorithms', 324.0, 397.22, 444, 2004, 'Unknown', 'English', '2s Edition', 'e-book', 'Very Good', 'https://covers.openlibrary.org/b/isbn/9780120884773-M.jpg', 3.8, 1, 1, 20, '2026-04-12 10:41:20.204161', '2026-04-12 10:41:20.204161')]
(Background on this error at: https://sqlalche.me/e/20/gkpj) (Background on this error at: https://sqlalche.me/e/20/7s2a)
2026-04-12 16:12:00,474 - INFO - [BookIngestion] -     ✓ Added: The Taming of the Shrew by William Shakespeare
2026-04-12 16:12:00,474 - ERROR - [BookIngestion] - Error checking if book exists: This Session's transaction has been rolled back due to a previous exception during flush. To begin a new transaction with this Session, first issue Session.rollback(). Original exception was: (raised as a result of Query-invoked autoflush; consider using a session.no_autoflush block if this flush is occurring prematurely)
(sqlite3.IntegrityError) UNIQUE constraint failed: books.isbn
[SQL: INSERT INTO books (title, author, isbn, description, category, subcategory, price, original_price, pages, year, publisher, language, edition, format, condition, image, rating, verified, in_stock, stock_quantity, created_at, updated_at) VALUES (?, ?, ?, ?, ?, ?, ?, ?, ?, ?, ?, ?, ?, ?, ?, ?, ?, ?, ?, ?, ?, ?)]
[parameters: ('Network Algorithmics,', 'George Varghese', '9780120884773', 'A comprehensive book on Network Algorithms', 'PG', 'Advanced Algorithms', 324.0, 397.22, 444, 2004, 'Unknown', 'English', '2s Edition', 'e-book', 'Very Good', 'https://covers.openlibrary.org/b/isbn/9780120884773-M.jpg', 3.8, 1, 1, 20, '2026-04-12 10:41:20.204161', '2026-04-12 10:41:20.204161')]
(Background on this error at: https://sqlalche.me/e/20/gkpj) (Background on this error at: https://sqlalche.me/e/20/7s2a)
2026-04-12 16:12:07,339 - INFO - [BookIngestion] -     ✓ Added: Programming languages: design and implementation by Terrence W. Pratt
2026-04-12 16:12:07,339 - ERROR - [BookIngestion] - Error checking if book exists: This Session's transaction has been rolled back due to a previous exception during flush. To begin a new transaction with this Session, first issue Session.rollback(). Original exception was: (raised as a result of Query-invoked autoflush; consider using a session.no_autoflush block if this flush is occurring prematurely)
(sqlite3.IntegrityError) UNIQUE constraint failed: books.isbn
[SQL: INSERT INTO books (title, author, isbn, description, category, subcategory, price, original_price, pages, year, publisher, language, edition, format, condition, image, rating, verified, in_stock, stock_quantity, created_at, updated_at) VALUES (?, ?, ?, ?, ?, ?, ?, ?, ?, ?, ?, ?, ?, ?, ?, ?, ?, ?, ?, ?, ?, ?)]
[parameters: ('Network Algorithmics,', 'George Varghese', '9780120884773', 'A comprehensive book on Network Algorithms', 'PG', 'Advanced Algorithms', 324.0, 397.22, 444, 2004, 'Unknown', 'English', '2s Edition', 'e-book', 'Very Good', 'https://covers.openlibrary.org/b/isbn/9780120884773-M.jpg', 3.8, 1, 1, 20, '2026-04-12 10:41:20.204161', '2026-04-12 10:41:20.204161')]
(Background on this error at: https://sqlalche.me/e/20/gkpj) (Background on this error at: https://sqlalche.me/e/20/7s2a)
2026-04-12 16:12:12,239 - INFO - [BookIngestion] -     ✓ Added: Programming Language Design by Anthony Wasserman
2026-04-12 16:12:12,239 - ERROR - [BookIngestion] - Error checking if book exists: This Session's transaction has been rolled back due to a previous exception during flush. To begin a new transaction with this Session, first issue Session.rollback(). Original exception was: (raised as a result of Query-invoked autoflush; consider using a session.no_autoflush block if this flush is occurring prematurely)
(sqlite3.IntegrityError) UNIQUE constraint failed: books.isbn
[SQL: INSERT INTO books (title, author, isbn, description, category, subcategory, price, original_price, pages, year, publisher, language, edition, format, condition, image, rating, verified, in_stock, stock_quantity, created_at, updated_at) VALUES (?, ?, ?, ?, ?, ?, ?, ?, ?, ?, ?, ?, ?, ?, ?, ?, ?, ?, ?, ?, ?, ?)]
[parameters: ('Network Algorithmics,', 'George Varghese', '9780120884773', 'A comprehensive book on Network Algorithms', 'PG', 'Advanced Algorithms', 324.0, 397.22, 444, 2004, 'Unknown', 'English', '2s Edition', 'e-book', 'Very Good', 'https://covers.openlibrary.org/b/isbn/9780120884773-M.jpg', 3.8, 1, 1, 20, '2026-04-12 10:41:20.204161', '2026-04-12 10:41:20.204161')]
(Background on this error at: https://sqlalche.me/e/20/gkpj) (Background on this error at: https://sqlalche.me/e/20/7s2a)
2026-04-12 16:12:16,758 - INFO - [BookIngestion] -     ✓ Added: Programming language design with polymorphism by David C. J. Matthews
2026-04-12 16:12:17,266 - INFO - [BookIngestion] -     🔍 Searching for: Formal Languages and Automata
2026-04-12 16:12:21,173 - INFO - [BookIngestion] - ✓ Found 6 books for query: Formal Languages and Automata
2026-04-12 16:12:21,173 - ERROR - [BookIngestion] - Error checking if book exists: This Session's transaction has been rolled back due to a previous exception during flush. To begin a new transaction with this Session, first issue Session.rollback(). Original exception was: (raised as a result of Query-invoked autoflush; consider using a session.no_autoflush block if this flush is occurring prematurely)
(sqlite3.IntegrityError) UNIQUE constraint failed: books.isbn
[SQL: INSERT INTO books (title, author, isbn, description, category, subcategory, price, original_price, pages, year, publisher, language, edition, format, condition, image, rating, verified, in_stock, stock_quantity, created_at, updated_at) VALUES (?, ?, ?, ?, ?, ?, ?, ?, ?, ?, ?, ?, ?, ?, ?, ?, ?, ?, ?, ?, ?, ?)]
[parameters: ('Network Algorithmics,', 'George Varghese', '9780120884773', 'A comprehensive book on Network Algorithms', 'PG', 'Advanced Algorithms', 324.0, 397.22, 444, 2004, 'Unknown', 'English', '2s Edition', 'e-book', 'Very Good', 'https://covers.openlibrary.org/b/isbn/9780120884773-M.jpg', 3.8, 1, 1, 20, '2026-04-12 10:41:20.204161', '2026-04-12 10:41:20.204161')]
(Background on this error at: https://sqlalche.me/e/20/gkpj) (Background on this error at: https://sqlalche.me/e/20/7s2a)
2026-04-12 16:12:26,748 - INFO - [BookIngestion] -     ✓ Added: An introduction to formal languages and automata by Peter Linz
2026-04-12 16:12:26,748 - ERROR - [BookIngestion] - Error checking if book exists: This Session's transaction has been rolled back due to a previous exception during flush. To begin a new transaction with this Session, first issue Session.rollback(). Original exception was: (raised as a result of Query-invoked autoflush; consider using a session.no_autoflush block if this flush is occurring prematurely)
(sqlite3.IntegrityError) UNIQUE constraint failed: books.isbn
[SQL: INSERT INTO books (title, author, isbn, description, category, subcategory, price, original_price, pages, year, publisher, language, edition, format, condition, image, rating, verified, in_stock, stock_quantity, created_at, updated_at) VALUES (?, ?, ?, ?, ?, ?, ?, ?, ?, ?, ?, ?, ?, ?, ?, ?, ?, ?, ?, ?, ?, ?)]
[parameters: ('Network Algorithmics,', 'George Varghese', '9780120884773', 'A comprehensive book on Network Algorithms', 'PG', 'Advanced Algorithms', 324.0, 397.22, 444, 2004, 'Unknown', 'English', '2s Edition', 'e-book', 'Very Good', 'https://covers.openlibrary.org/b/isbn/9780120884773-M.jpg', 3.8, 1, 1, 20, '2026-04-12 10:41:20.204161', '2026-04-12 10:41:20.204161')]
(Background on this error at: https://sqlalche.me/e/20/gkpj) (Background on this error at: https://sqlalche.me/e/20/7s2a)
2026-04-12 16:12:33,942 - INFO - [BookIngestion] -     ✓ Added: Elementary computability, formal languages, and automata by Robert McNaughton
2026-04-12 16:12:33,942 - ERROR - [BookIngestion] - Error checking if book exists: This Session's transaction has been rolled back due to a previous exception during flush. To begin a new transaction with this Session, first issue Session.rollback(). Original exception was: (raised as a result of Query-invoked autoflush; consider using a session.no_autoflush block if this flush is occurring prematurely)
(sqlite3.IntegrityError) UNIQUE constraint failed: books.isbn
[SQL: INSERT INTO books (title, author, isbn, description, category, subcategory, price, original_price, pages, year, publisher, language, edition, format, condition, image, rating, verified, in_stock, stock_quantity, created_at, updated_at) VALUES (?, ?, ?, ?, ?, ?, ?, ?, ?, ?, ?, ?, ?, ?, ?, ?, ?, ?, ?, ?, ?, ?)]
[parameters: ('Network Algorithmics,', 'George Varghese', '9780120884773', 'A comprehensive book on Network Algorithms', 'PG', 'Advanced Algorithms', 324.0, 397.22, 444, 2004, 'Unknown', 'English', '2s Edition', 'e-book', 'Very Good', 'https://covers.openlibrary.org/b/isbn/9780120884773-M.jpg', 3.8, 1, 1, 20, '2026-04-12 10:41:20.204161', '2026-04-12 10:41:20.204161')]
(Background on this error at: https://sqlalche.me/e/20/gkpj) (Background on this error at: https://sqlalche.me/e/20/7s2a)
2026-04-12 16:12:42,520 - INFO - [BookIngestion] -     ✓ Added: Formal Languages and Automata by K. Anuradha
2026-04-12 16:12:42,520 - ERROR - [BookIngestion] - Error checking if book exists: This Session's transaction has been rolled back due to a previous exception during flush. To begin a new transaction with this Session, first issue Session.rollback(). Original exception was: (raised as a result of Query-invoked autoflush; consider using a session.no_autoflush block if this flush is occurring prematurely)
(sqlite3.IntegrityError) UNIQUE constraint failed: books.isbn
[SQL: INSERT INTO books (title, author, isbn, description, category, subcategory, price, original_price, pages, year, publisher, language, edition, format, condition, image, rating, verified, in_stock, stock_quantity, created_at, updated_at) VALUES (?, ?, ?, ?, ?, ?, ?, ?, ?, ?, ?, ?, ?, ?, ?, ?, ?, ?, ?, ?, ?, ?)]
[parameters: ('Network Algorithmics,', 'George Varghese', '9780120884773', 'A comprehensive book on Network Algorithms', 'PG', 'Advanced Algorithms', 324.0, 397.22, 444, 2004, 'Unknown', 'English', '2s Edition', 'e-book', 'Very Good', 'https://covers.openlibrary.org/b/isbn/9780120884773-M.jpg', 3.8, 1, 1, 20, '2026-04-12 10:41:20.204161', '2026-04-12 10:41:20.204161')]
(Background on this error at: https://sqlalche.me/e/20/gkpj) (Background on this error at: https://sqlalche.me/e/20/7s2a)
2026-04-12 16:12:51,018 - INFO - [BookIngestion] -     ✓ Added: Formal Language and Automata Theory by Ajit Singh
2026-04-12 16:12:51,030 - ERROR - [BookIngestion] - Error checking if book exists: This Session's transaction has been rolled back due to a previous exception during flush. To begin a new transaction with this Session, first issue Session.rollback(). Original exception was: (raised as a result of Query-invoked autoflush; consider using a session.no_autoflush block if this flush is occurring prematurely)
(sqlite3.IntegrityError) UNIQUE constraint failed: books.isbn
[SQL: INSERT INTO books (title, author, isbn, description, category, subcategory, price, original_price, pages, year, publisher, language, edition, format, condition, image, rating, verified, in_stock, stock_quantity, created_at, updated_at) VALUES (?, ?, ?, ?, ?, ?, ?, ?, ?, ?, ?, ?, ?, ?, ?, ?, ?, ?, ?, ?, ?, ?)]
[parameters: ('Network Algorithmics,', 'George Varghese', '9780120884773', 'A comprehensive book on Network Algorithms', 'PG', 'Advanced Algorithms', 324.0, 397.22, 444, 2004, 'Unknown', 'English', '2s Edition', 'e-book', 'Very Good', 'https://covers.openlibrary.org/b/isbn/9780120884773-M.jpg', 3.8, 1, 1, 20, '2026-04-12 10:41:20.204161', '2026-04-12 10:41:20.204161')]
(Background on this error at: https://sqlalche.me/e/20/gkpj) (Background on this error at: https://sqlalche.me/e/20/7s2a)
2026-04-12 16:12:59,582 - INFO - [BookIngestion] -     ✓ Added: Formal languages and automata theory by C. K. Nagpal
2026-04-12 16:12:59,584 - ERROR - [BookIngestion] - Error checking if book exists: This Session's transaction has been rolled back due to a previous exception during flush. To begin a new transaction with this Session, first issue Session.rollback(). Original exception was: (raised as a result of Query-invoked autoflush; consider using a session.no_autoflush block if this flush is occurring prematurely)
(sqlite3.IntegrityError) UNIQUE constraint failed: books.isbn
[SQL: INSERT INTO books (title, author, isbn, description, category, subcategory, price, original_price, pages, year, publisher, language, edition, format, condition, image, rating, verified, in_stock, stock_quantity, created_at, updated_at) VALUES (?, ?, ?, ?, ?, ?, ?, ?, ?, ?, ?, ?, ?, ?, ?, ?, ?, ?, ?, ?, ?, ?)]
[parameters: ('Network Algorithmics,', 'George Varghese', '9780120884773', 'A comprehensive book on Network Algorithms', 'PG', 'Advanced Algorithms', 324.0, 397.22, 444, 2004, 'Unknown', 'English', '2s Edition', 'e-book', 'Very Good', 'https://covers.openlibrary.org/b/isbn/9780120884773-M.jpg', 3.8, 1, 1, 20, '2026-04-12 10:41:20.204161', '2026-04-12 10:41:20.204161')]
(Background on this error at: https://sqlalche.me/e/20/gkpj) (Background on this error at: https://sqlalche.me/e/20/7s2a)
2026-04-12 16:13:04,992 - INFO - [BookIngestion] -     ✓ Added: Formal Languages and Automata Theory by Basavaraj S.Anami,Karibasappa K.G.
2026-04-12 16:13:05,493 - INFO - [BookIngestion] -   ✅ Postgraduate: 31 books added
2026-04-12 16:13:05,493 - INFO - [BookIngestion] - 
📚 Processing Programming Languages (target: 35 books)
2026-04-12 16:13:05,493 - INFO - [BookIngestion] - ============================================================
2026-04-12 16:13:05,493 - INFO - [BookIngestion] -   📖 Subcategory: Python
2026-04-12 16:13:05,493 - INFO - [BookIngestion] -     🔍 Searching for: Python Crash Course
2026-04-12 16:13:07,301 - INFO - [BookIngestion] - ✓ Found 6 books for query: Python Crash Course
2026-04-12 16:13:07,318 - ERROR - [BookIngestion] - Error checking if book exists: This Session's transaction has been rolled back due to a previous exception during flush. To begin a new transaction with this Session, first issue Session.rollback(). Original exception was: (raised as a result of Query-invoked autoflush; consider using a session.no_autoflush block if this flush is occurring prematurely)
(sqlite3.IntegrityError) UNIQUE constraint failed: books.isbn
[SQL: INSERT INTO books (title, author, isbn, description, category, subcategory, price, original_price, pages, year, publisher, language, edition, format, condition, image, rating, verified, in_stock, stock_quantity, created_at, updated_at) VALUES (?, ?, ?, ?, ?, ?, ?, ?, ?, ?, ?, ?, ?, ?, ?, ?, ?, ?, ?, ?, ?, ?)]
[parameters: ('Network Algorithmics,', 'George Varghese', '9780120884773', 'A comprehensive book on Network Algorithms', 'PG', 'Advanced Algorithms', 324.0, 397.22, 444, 2004, 'Unknown', 'English', '2s Edition', 'e-book', 'Very Good', 'https://covers.openlibrary.org/b/isbn/9780120884773-M.jpg', 3.8, 1, 1, 20, '2026-04-12 10:41:20.204161', '2026-04-12 10:41:20.204161')]
(Background on this error at: https://sqlalche.me/e/20/gkpj) (Background on this error at: https://sqlalche.me/e/20/7s2a)
2026-04-12 16:13:12,631 - INFO - [BookIngestion] -     ✓ Added: Python Crash Course, 3rd Edition by Eric Matthes
2026-04-12 16:13:12,631 - ERROR - [BookIngestion] - Error checking if book exists: This Session's transaction has been rolled back due to a previous exception during flush. To begin a new transaction with this Session, first issue Session.rollback(). Original exception was: (raised as a result of Query-invoked autoflush; consider using a session.no_autoflush block if this flush is occurring prematurely)
(sqlite3.IntegrityError) UNIQUE constraint failed: books.isbn
[SQL: INSERT INTO books (title, author, isbn, description, category, subcategory, price, original_price, pages, year, publisher, language, edition, format, condition, image, rating, verified, in_stock, stock_quantity, created_at, updated_at) VALUES (?, ?, ?, ?, ?, ?, ?, ?, ?, ?, ?, ?, ?, ?, ?, ?, ?, ?, ?, ?, ?, ?)]
[parameters: ('Network Algorithmics,', 'George Varghese', '9780120884773', 'A comprehensive book on Network Algorithms', 'PG', 'Advanced Algorithms', 324.0, 397.22, 444, 2004, 'Unknown', 'English', '2s Edition', 'e-book', 'Very Good', 'https://covers.openlibrary.org/b/isbn/9780120884773-M.jpg', 3.8, 1, 1, 20, '2026-04-12 10:41:20.204161', '2026-04-12 10:41:20.204161')]
(Background on this error at: https://sqlalche.me/e/20/gkpj) (Background on this error at: https://sqlalche.me/e/20/7s2a)
2026-04-12 16:13:19,317 - INFO - [BookIngestion] -     ✓ Added: Python Crash Course, 2nd Edition by Eric Matthes
2026-04-12 16:13:19,317 - ERROR - [BookIngestion] - Error checking if book exists: This Session's transaction has been rolled back due to a previous exception during flush. To begin a new transaction with this Session, first issue Session.rollback(). Original exception was: (raised as a result of Query-invoked autoflush; consider using a session.no_autoflush block if this flush is occurring prematurely)
(sqlite3.IntegrityError) UNIQUE constraint failed: books.isbn
[SQL: INSERT INTO books (title, author, isbn, description, category, subcategory, price, original_price, pages, year, publisher, language, edition, format, condition, image, rating, verified, in_stock, stock_quantity, created_at, updated_at) VALUES (?, ?, ?, ?, ?, ?, ?, ?, ?, ?, ?, ?, ?, ?, ?, ?, ?, ?, ?, ?, ?, ?)]
[parameters: ('Network Algorithmics,', 'George Varghese', '9780120884773', 'A comprehensive book on Network Algorithms', 'PG', 'Advanced Algorithms', 324.0, 397.22, 444, 2004, 'Unknown', 'English', '2s Edition', 'e-book', 'Very Good', 'https://covers.openlibrary.org/b/isbn/9780120884773-M.jpg', 3.8, 1, 1, 20, '2026-04-12 10:41:20.204161', '2026-04-12 10:41:20.204161')]
(Background on this error at: https://sqlalche.me/e/20/gkpj) (Background on this error at: https://sqlalche.me/e/20/7s2a)
2026-04-12 16:13:22,479 - INFO - [BookIngestion] -     ✓ Added: Python crash course by Eric Matthes
2026-04-12 16:13:22,479 - ERROR - [BookIngestion] - Error checking if book exists: This Session's transaction has been rolled back due to a previous exception during flush. To begin a new transaction with this Session, first issue Session.rollback(). Original exception was: (raised as a result of Query-invoked autoflush; consider using a session.no_autoflush block if this flush is occurring prematurely)
(sqlite3.IntegrityError) UNIQUE constraint failed: books.isbn
[SQL: INSERT INTO books (title, author, isbn, description, category, subcategory, price, original_price, pages, year, publisher, language, edition, format, condition, image, rating, verified, in_stock, stock_quantity, created_at, updated_at) VALUES (?, ?, ?, ?, ?, ?, ?, ?, ?, ?, ?, ?, ?, ?, ?, ?, ?, ?, ?, ?, ?, ?)]
[parameters: ('Network Algorithmics,', 'George Varghese', '9780120884773', 'A comprehensive book on Network Algorithms', 'PG', 'Advanced Algorithms', 324.0, 397.22, 444, 2004, 'Unknown', 'English', '2s Edition', 'e-book', 'Very Good', 'https://covers.openlibrary.org/b/isbn/9780120884773-M.jpg', 3.8, 1, 1, 20, '2026-04-12 10:41:20.204161', '2026-04-12 10:41:20.204161')]
(Background on this error at: https://sqlalche.me/e/20/gkpj) (Background on this error at: https://sqlalche.me/e/20/7s2a)
2026-04-12 16:13:25,318 - INFO - [BookIngestion] -     ✓ Added: Python Crash Course by Willian Jordon
2026-04-12 16:13:25,318 - ERROR - [BookIngestion] - Error checking if book exists: This Session's transaction has been rolled back due to a previous exception during flush. To begin a new transaction with this Session, first issue Session.rollback(). Original exception was: (raised as a result of Query-invoked autoflush; consider using a session.no_autoflush block if this flush is occurring prematurely)
(sqlite3.IntegrityError) UNIQUE constraint failed: books.isbn
[SQL: INSERT INTO books (title, author, isbn, description, category, subcategory, price, original_price, pages, year, publisher, language, edition, format, condition, image, rating, verified, in_stock, stock_quantity, created_at, updated_at) VALUES (?, ?, ?, ?, ?, ?, ?, ?, ?, ?, ?, ?, ?, ?, ?, ?, ?, ?, ?, ?, ?, ?)]
[parameters: ('Network Algorithmics,', 'George Varghese', '9780120884773', 'A comprehensive book on Network Algorithms', 'PG', 'Advanced Algorithms', 324.0, 397.22, 444, 2004, 'Unknown', 'English', '2s Edition', 'e-book', 'Very Good', 'https://covers.openlibrary.org/b/isbn/9780120884773-M.jpg', 3.8, 1, 1, 20, '2026-04-12 10:41:20.204161', '2026-04-12 10:41:20.204161')]
(Background on this error at: https://sqlalche.me/e/20/gkpj) (Background on this error at: https://sqlalche.me/e/20/7s2a)
2026-04-12 16:13:28,376 - INFO - [BookIngestion] -     ✓ Added: Python Crash Course by PG Wizard Books
2026-04-12 16:13:28,376 - ERROR - [BookIngestion] - Error checking if book exists: This Session's transaction has been rolled back due to a previous exception during flush. To begin a new transaction with this Session, first issue Session.rollback(). Original exception was: (raised as a result of Query-invoked autoflush; consider using a session.no_autoflush block if this flush is occurring prematurely)
(sqlite3.IntegrityError) UNIQUE constraint failed: books.isbn
[SQL: INSERT INTO books (title, author, isbn, description, category, subcategory, price, original_price, pages, year, publisher, language, edition, format, condition, image, rating, verified, in_stock, stock_quantity, created_at, updated_at) VALUES (?, ?, ?, ?, ?, ?, ?, ?, ?, ?, ?, ?, ?, ?, ?, ?, ?, ?, ?, ?, ?, ?)]
[parameters: ('Network Algorithmics,', 'George Varghese', '9780120884773', 'A comprehensive book on Network Algorithms', 'PG', 'Advanced Algorithms', 324.0, 397.22, 444, 2004, 'Unknown', 'English', '2s Edition', 'e-book', 'Very Good', 'https://covers.openlibrary.org/b/isbn/9780120884773-M.jpg', 3.8, 1, 1, 20, '2026-04-12 10:41:20.204161', '2026-04-12 10:41:20.204161')]
(Background on this error at: https://sqlalche.me/e/20/gkpj) (Background on this error at: https://sqlalche.me/e/20/7s2a)
2026-04-12 16:13:32,500 - INFO - [BookIngestion] -     ✓ Added: Python Crash Course + Hacking by P. G. Wizard PG Wizard Books
2026-04-12 16:13:33,008 - INFO - [BookIngestion] -     🔍 Searching for: Fluent Python
2026-04-12 16:13:39,034 - INFO - [BookIngestion] - ✓ Found 6 books for query: Fluent Python
2026-04-12 16:13:39,045 - ERROR - [BookIngestion] - Error checking if book exists: This Session's transaction has been rolled back due to a previous exception during flush. To begin a new transaction with this Session, first issue Session.rollback(). Original exception was: (raised as a result of Query-invoked autoflush; consider using a session.no_autoflush block if this flush is occurring prematurely)
(sqlite3.IntegrityError) UNIQUE constraint failed: books.isbn
[SQL: INSERT INTO books (title, author, isbn, description, category, subcategory, price, original_price, pages, year, publisher, language, edition, format, condition, image, rating, verified, in_stock, stock_quantity, created_at, updated_at) VALUES (?, ?, ?, ?, ?, ?, ?, ?, ?, ?, ?, ?, ?, ?, ?, ?, ?, ?, ?, ?, ?, ?)]
[parameters: ('Network Algorithmics,', 'George Varghese', '9780120884773', 'A comprehensive book on Network Algorithms', 'PG', 'Advanced Algorithms', 324.0, 397.22, 444, 2004, 'Unknown', 'English', '2s Edition', 'e-book', 'Very Good', 'https://covers.openlibrary.org/b/isbn/9780120884773-M.jpg', 3.8, 1, 1, 20, '2026-04-12 10:41:20.204161', '2026-04-12 10:41:20.204161')]
(Background on this error at: https://sqlalche.me/e/20/gkpj) (Background on this error at: https://sqlalche.me/e/20/7s2a)
2026-04-12 16:13:47,001 - INFO - [BookIngestion] -     ✓ Added: Fluent Python by Luciano Ramalho
2026-04-12 16:13:47,001 - ERROR - [BookIngestion] - Error checking if book exists: This Session's transaction has been rolled back due to a previous exception during flush. To begin a new transaction with this Session, first issue Session.rollback(). Original exception was: (raised as a result of Query-invoked autoflush; consider using a session.no_autoflush block if this flush is occurring prematurely)
(sqlite3.IntegrityError) UNIQUE constraint failed: books.isbn
[SQL: INSERT INTO books (title, author, isbn, description, category, subcategory, price, original_price, pages, year, publisher, language, edition, format, condition, image, rating, verified, in_stock, stock_quantity, created_at, updated_at) VALUES (?, ?, ?, ?, ?, ?, ?, ?, ?, ?, ?, ?, ?, ?, ?, ?, ?, ?, ?, ?, ?, ?)]
[parameters: ('Network Algorithmics,', 'George Varghese', '9780120884773', 'A comprehensive book on Network Algorithms', 'PG', 'Advanced Algorithms', 324.0, 397.22, 444, 2004, 'Unknown', 'English', '2s Edition', 'e-book', 'Very Good', 'https://covers.openlibrary.org/b/isbn/9780120884773-M.jpg', 3.8, 1, 1, 20, '2026-04-12 10:41:20.204161', '2026-04-12 10:41:20.204161')]
(Background on this error at: https://sqlalche.me/e/20/gkpj) (Background on this error at: https://sqlalche.me/e/20/7s2a)
2026-04-12 16:13:54,050 - INFO - [BookIngestion] - ============================================================
2026-04-12 16:13:54,050 - INFO - [BookIngestion] - 🏪 DUSTY SHELF - ADVANCED BOOK INGESTION SYSTEM
2026-04-12 16:13:54,050 - INFO - [BookIngestion] - ============================================================
2026-04-12 16:13:54,050 - INFO - [BookIngestion] - Starting at: 2026-04-12 16:13:54.050311

2026-04-12 16:13:54,050 - INFO - [BookIngestion] - 1️⃣  Creating database tables...
2026-04-12 16:13:54,066 - INFO - [BookIngestion] - ✅ Tables created successfully

2026-04-12 16:13:54,066 - INFO - [BookIngestion] - 📚 Creating categories...
2026-04-12 16:13:54,074 - INFO - [BookIngestion] - ✅ Created/Updated 6 categories
2026-04-12 16:13:54,080 - INFO - [BookIngestion] - 
📊 Existing books in database: 128

2026-04-12 16:13:54,080 - INFO - [BookIngestion] - 📖 Starting book population from APIs...
2026-04-12 16:13:54,082 - INFO - [BookIngestion] - 
📚 Processing Undergraduate (target: 50 books)
2026-04-12 16:13:54,083 - INFO - [BookIngestion] - ============================================================
2026-04-12 16:13:54,083 - INFO - [BookIngestion] -   📖 Subcategory: C Programming
2026-04-12 16:13:54,083 - INFO - [BookIngestion] -     🔍 Searching for: The C Programming Language
2026-04-12 16:13:55,046 - INFO - [BookIngestion] -     ✓ Added: Mastering Fluent Python by Nelson Saxton
2026-04-12 16:13:55,046 - ERROR - [BookIngestion] -     ✗ Error adding book: This Session's transaction has been rolled back due to a previous exception during flush. To begin a new transaction with this Session, first issue Session.rollback(). Original exception was: (raised as a result of Query-invoked autoflush; consider using a session.no_autoflush block if this flush is occurring prematurely)
(sqlite3.IntegrityError) UNIQUE constraint failed: books.isbn
[SQL: INSERT INTO books (title, author, isbn, description, category, subcategory, price, original_price, pages, year, publisher, language, edition, format, condition, image, rating, verified, in_stock, stock_quantity, created_at, updated_at) VALUES (?, ?, ?, ?, ?, ?, ?, ?, ?, ?, ?, ?, ?, ?, ?, ?, ?, ?, ?, ?, ?, ?)]
[parameters: ('Network Algorithmics,', 'George Varghese', '9780120884773', 'A comprehensive book on Network Algorithms', 'PG', 'Advanced Algorithms', 324.0, 397.22, 444, 2004, 'Unknown', 'English', '2s Edition', 'e-book', 'Very Good', 'https://covers.openlibrary.org/b/isbn/9780120884773-M.jpg', 3.8, 1, 1, 20, '2026-04-12 10:41:20.204161', '2026-04-12 10:41:20.204161')]
(Background on this error at: https://sqlalche.me/e/20/gkpj) (Background on this error at: https://sqlalche.me/e/20/7s2a)
2026-04-12 16:14:02,511 - INFO - [BookIngestion] -     ✓ Added: Python by Mark Chen
2026-04-12 16:14:04,563 - WARNING - [BookIngestion] - Error searching Open Library for 'The C Programming Language': HTTPSConnectionPool(host='openlibrary.org', port=443): Read timed out. (read timeout=10)
2026-04-12 16:14:05,082 - INFO - [BookIngestion] -     🔍 Searching for: C How to Program
2026-04-12 16:14:12,184 - INFO - [BookIngestion] -     ✓ Added: Python Programming by Hacking Studios
2026-04-12 16:14:14,456 - INFO - [BookIngestion] - ✓ Found 6 books for query: C How to Program
2026-04-12 16:14:19,856 - INFO - [BookIngestion] -     ✓ Added: C++ by Paul J. Deitel
2026-04-12 16:14:20,446 - INFO - [BookIngestion] -     ✓ Added: Pity the Python by Sydnie Meltzer Kleinhenz
2026-04-12 16:14:23,262 - INFO - [BookIngestion] -     ✓ Added: Python Unlocked by Arun Tigeraniya
2026-04-12 16:14:23,762 - INFO - [BookIngestion] -     🔍 Searching for: Python for Data Analysis
2026-04-12 16:14:25,323 - ERROR - [BookIngestion] - Error checking if book exists: (raised as a result of Query-invoked autoflush; consider using a session.no_autoflush block if this flush is occurring prematurely)
(sqlite3.OperationalError) database is locked
[SQL: INSERT INTO books (title, author, isbn, description, category, subcategory, price, original_price, pages, year, publisher, language, edition, format, condition, image, rating, verified, in_stock, stock_quantity, created_at, updated_at) VALUES (?, ?, ?, ?, ?, ?, ?, ?, ?, ?, ?, ?, ?, ?, ?, ?, ?, ?, ?, ?, ?, ?)]
[parameters: ('C++', 'Paul J. Deitel', '9786523487549', 'A comprehensive book on C How to Program', 'UG', 'C Programming', 624.0, 929.99, 489, 1996, 'Unknown', 'English', '1s Edition', 'e-book', 'Good', 'https://covers.openlibrary.org/b/isbn/9786523487549-M.jpg', 4.6, 1, 1, 9, '2026-04-12 10:44:19.861292', '2026-04-12 10:44:19.861292')]
(Background on this error at: https://sqlalche.me/e/20/e3q8)
2026-04-12 16:14:28,094 - INFO - [BookIngestion] - ✓ Found 6 books for query: Python for Data Analysis
2026-04-12 16:14:29,740 - INFO - [BookIngestion] -     ✓ Added: C how to program by Harvey M. Deitel
2026-04-12 16:14:29,740 - ERROR - [BookIngestion] - Error checking if book exists: This Session's transaction has been rolled back due to a previous exception during flush. To begin a new transaction with this Session, first issue Session.rollback(). Original exception was: (raised as a result of Query-invoked autoflush; consider using a session.no_autoflush block if this flush is occurring prematurely)
(sqlite3.OperationalError) database is locked
[SQL: INSERT INTO books (title, author, isbn, description, category, subcategory, price, original_price, pages, year, publisher, language, edition, format, condition, image, rating, verified, in_stock, stock_quantity, created_at, updated_at) VALUES (?, ?, ?, ?, ?, ?, ?, ?, ?, ?, ?, ?, ?, ?, ?, ?, ?, ?, ?, ?, ?, ?)]
[parameters: ('C++', 'Paul J. Deitel', '9786523487549', 'A comprehensive book on C How to Program', 'UG', 'C Programming', 624.0, 929.99, 489, 1996, 'Unknown', 'English', '1s Edition', 'e-book', 'Good', 'https://covers.openlibrary.org/b/isbn/9786523487549-M.jpg', 4.6, 1, 1, 9, '2026-04-12 10:44:19.861292', '2026-04-12 10:44:19.861292')]
(Background on this error at: https://sqlalche.me/e/20/e3q8) (Background on this error at: https://sqlalche.me/e/20/7s2a)
2026-04-12 16:14:32,201 - INFO - [BookIngestion] -     ✓ Added: Python For Data Analysis by Wes McKinney
2026-04-12 16:14:32,528 - INFO - [BookIngestion] -     ✓ Added: C++ how to program by Harvey M. Deitel
2026-04-12 16:14:32,536 - ERROR - [BookIngestion] - Error checking if book exists: This Session's transaction has been rolled back due to a previous exception during flush. To begin a new transaction with this Session, first issue Session.rollback(). Original exception was: (raised as a result of Query-invoked autoflush; consider using a session.no_autoflush block if this flush is occurring prematurely)
(sqlite3.OperationalError) database is locked
[SQL: INSERT INTO books (title, author, isbn, description, category, subcategory, price, original_price, pages, year, publisher, language, edition, format, condition, image, rating, verified, in_stock, stock_quantity, created_at, updated_at) VALUES (?, ?, ?, ?, ?, ?, ?, ?, ?, ?, ?, ?, ?, ?, ?, ?, ?, ?, ?, ?, ?, ?)]
[parameters: ('C++', 'Paul J. Deitel', '9786523487549', 'A comprehensive book on C How to Program', 'UG', 'C Programming', 624.0, 929.99, 489, 1996, 'Unknown', 'English', '1s Edition', 'e-book', 'Good', 'https://covers.openlibrary.org/b/isbn/9786523487549-M.jpg', 4.6, 1, 1, 9, '2026-04-12 10:44:19.861292', '2026-04-12 10:44:19.861292')]
(Background on this error at: https://sqlalche.me/e/20/e3q8) (Background on this error at: https://sqlalche.me/e/20/7s2a)
2026-04-12 16:14:36,850 - INFO - [BookIngestion] -     ✓ Added: Python for data analysis by Eric Marston
2026-04-12 16:14:37,105 - INFO - [BookIngestion] -     ✓ Added: C How to Program by Paul J. Deitel
2026-04-12 16:14:37,105 - ERROR - [BookIngestion] - Error checking if book exists: This Session's transaction has been rolled back due to a previous exception during flush. To begin a new transaction with this Session, first issue Session.rollback(). Original exception was: (raised as a result of Query-invoked autoflush; consider using a session.no_autoflush block if this flush is occurring prematurely)
(sqlite3.OperationalError) database is locked
[SQL: INSERT INTO books (title, author, isbn, description, category, subcategory, price, original_price, pages, year, publisher, language, edition, format, condition, image, rating, verified, in_stock, stock_quantity, created_at, updated_at) VALUES (?, ?, ?, ?, ?, ?, ?, ?, ?, ?, ?, ?, ?, ?, ?, ?, ?, ?, ?, ?, ?, ?)]
[parameters: ('C++', 'Paul J. Deitel', '9786523487549', 'A comprehensive book on C How to Program', 'UG', 'C Programming', 624.0, 929.99, 489, 1996, 'Unknown', 'English', '1s Edition', 'e-book', 'Good', 'https://covers.openlibrary.org/b/isbn/9786523487549-M.jpg', 4.6, 1, 1, 9, '2026-04-12 10:44:19.861292', '2026-04-12 10:44:19.861292')]
(Background on this error at: https://sqlalche.me/e/20/e3q8) (Background on this error at: https://sqlalche.me/e/20/7s2a)
2026-04-12 16:15:12,726 - INFO - [BookIngestion] - ============================================================
2026-04-12 16:15:12,726 - INFO - [BookIngestion] - 🏪 DUSTY SHELF - ADVANCED BOOK INGESTION SYSTEM
2026-04-12 16:15:12,726 - INFO - [BookIngestion] - ============================================================
2026-04-12 16:15:12,726 - INFO - [BookIngestion] - Starting at: 2026-04-12 16:15:12.726032

2026-04-12 16:15:12,726 - INFO - [BookIngestion] - 1️⃣  Creating database tables...
2026-04-12 16:15:12,733 - INFO - [BookIngestion] - ✅ Tables created successfully

2026-04-12 16:15:12,733 - INFO - [BookIngestion] - 📚 Creating categories...
2026-04-12 16:15:12,750 - INFO - [BookIngestion] - ✅ Created/Updated 6 categories
2026-04-12 16:15:12,753 - INFO - [BookIngestion] - 
📊 Existing books in database: 128

2026-04-12 16:15:12,753 - INFO - [BookIngestion] - 📖 Starting book population from APIs...
2026-04-12 16:15:12,753 - INFO - [BookIngestion] - 
📚 Processing Undergraduate (target: 50 books)
2026-04-12 16:15:12,753 - INFO - [BookIngestion] - ============================================================
2026-04-12 16:15:12,753 - INFO - [BookIngestion] -   📖 Subcategory: C Programming
2026-04-12 16:15:12,758 - INFO - [BookIngestion] -     🔍 Searching for: The C Programming Language
2026-04-12 16:15:16,148 - INFO - [BookIngestion] - ✓ Found 6 books for query: The C Programming Language
2026-04-12 16:15:21,268 - INFO - [BookIngestion] -     ✓ Added: The C++ programming language by Bjarne Stroustrup
2026-04-12 16:15:24,430 - INFO - [BookIngestion] -     ✓ Added: The Taming of the Shrew by William Shakespeare
2026-04-12 16:15:26,464 - INFO - [BookIngestion] -     ✓ Added: The C♯ programming language by Anders Hejlsberg
2026-04-12 16:15:26,980 - INFO - [BookIngestion] -     🔍 Searching for: C How to Program
2026-04-12 16:15:29,434 - INFO - [BookIngestion] - ✓ Found 6 books for query: C How to Program
2026-04-12 16:15:32,437 - INFO - [BookIngestion] -     ✓ Added: C++ by Paul J. Deitel
2026-04-12 16:15:35,625 - INFO - [BookIngestion] -     ✓ Added: C how to program by Harvey M. Deitel
2026-04-12 16:15:39,189 - INFO - [BookIngestion] -     ✓ Added: C++ how to program by Harvey M. Deitel
2026-04-12 16:15:43,155 - INFO - [BookIngestion] -     ✓ Added: Small C++ How to Program by Harvey M. Deitel
2026-04-12 16:15:45,238 - INFO - [BookIngestion] -     ✓ Added: C How to Program & C by Unknown
2026-04-12 16:15:45,745 - INFO - [BookIngestion] -     🔍 Searching for: Mastering C
2026-04-12 16:15:47,002 - INFO - [BookIngestion] - ✓ Found 6 books for query: Mastering C
2026-04-12 16:15:49,600 - INFO - [BookIngestion] -     ✓ Added: The master key system in twenty-four parts with questionnaire and glossary by Charles F. Haanel
2026-04-12 16:15:52,355 - INFO - [BookIngestion] -     ✓ Added: Мастер и Маргарита by Михаил Афанасьевич Булгаков
2026-04-12 16:15:54,920 - INFO - [BookIngestion] -     ✓ Added: The A.B.C. Murders by Agatha Christie
2026-04-12 16:15:58,311 - INFO - [BookIngestion] -     ✓ Added: Engineering Mechanics, Statics by R. C. Hibbeler
2026-04-12 16:16:00,613 - INFO - [BookIngestion] -     ✓ Added: Where the Wild Things Are by Maurice Sendak
2026-04-12 16:16:02,926 - INFO - [BookIngestion] -     ✓ Added: The Book of Tea by Okakura Kakuzō
2026-04-12 16:16:03,427 - INFO - [BookIngestion] -     🔍 Searching for: Advanced C Programming
2026-04-12 16:16:04,314 - INFO - [BookIngestion] - ✓ Found 6 books for query: Advanced C Programming
2026-04-12 16:16:06,965 - INFO - [BookIngestion] -     ✓ Added: Advanced C programming by example by John W. Perry
2026-04-12 16:16:10,966 - INFO - [BookIngestion] -     ✓ Added: Advances in Computers, Volume 49 (Advances in Computers) by Marvin V. Zelkowitz
2026-04-12 16:16:14,285 - INFO - [BookIngestion] -     ✓ Added: Advanced C programming by John Thomas Berry
2026-04-12 16:16:16,667 - INFO - [BookIngestion] -     ✓ Added: Advanced C programming by Steve Oualline
2026-04-12 16:16:19,384 - INFO - [BookIngestion] -     ✓ Added: ADVANCED C++ PROGRAMMING by BradyGames
2026-04-12 16:16:22,767 - INFO - [BookIngestion] -     ✓ Added: Advanced C Programming by Waite Group
2026-04-12 16:16:23,274 - INFO - [BookIngestion] -   📖 Subcategory: Java
2026-04-12 16:16:23,274 - INFO - [BookIngestion] -     🔍 Searching for: Effective Java
2026-04-12 16:16:24,075 - INFO - [BookIngestion] - ✓ Found 6 books for query: Effective Java
2026-04-12 16:16:27,313 - INFO - [BookIngestion] -     ✓ Added: Effective Java by Stan Prata
2026-04-12 16:16:32,294 - INFO - [BookIngestion] -     ✓ Added: Effective Java by Erick Lucas
2026-04-12 16:16:34,605 - INFO - [BookIngestion] -     ✓ Added: Effective Java by Melvin Martin
2026-04-12 16:16:37,505 - INFO - [BookIngestion] -     ✓ Added: Effective Java by Bloch
2026-04-12 16:16:38,011 - INFO - [BookIngestion] -     🔍 Searching for: Head First Java
2026-04-12 16:16:38,737 - INFO - [BookIngestion] - ✓ Found 6 books for query: Head First Java
2026-04-12 16:16:41,974 - INFO - [BookIngestion] -     ✓ Added: Head First Java by Alisha Osborne
2026-04-12 16:16:45,467 - INFO - [BookIngestion] -     ✓ Added: Head First Java Script Programming by Eric Freeman
2026-04-12 16:16:47,390 - INFO - [BookIngestion] -     ✓ Added: Head First design patterns by Eric Freeman
2026-04-12 16:16:47,897 - INFO - [BookIngestion] -     🔍 Searching for: Java Complete Reference
2026-04-12 16:16:48,674 - INFO - [BookIngestion] - ✓ Found 6 books for query: Java Complete Reference
2026-04-12 16:16:51,222 - INFO - [BookIngestion] -     ✓ Added: Java by Herbert Schildt
2026-04-12 16:16:54,560 - INFO - [BookIngestion] -     ✓ Added: C++ by Herbert Schildt
2026-04-12 16:16:56,517 - INFO - [BookIngestion] -     ✓ Added: Core Java by Harry Chaudhary.
2026-04-12 16:17:01,847 - INFO - [BookIngestion] -     ✓ Added: Java by Harry Chaudhary.
2026-04-12 16:17:04,918 - INFO - [BookIngestion] -     ✓ Added: Java : the Complete Reference, Twelfth Edition by Herbert Schildt
2026-04-12 16:17:05,420 - INFO - [BookIngestion] -     🔍 Searching for: Clean Code
2026-04-12 16:17:06,198 - INFO - [BookIngestion] - ✓ Found 6 books for query: Clean Code
2026-04-12 16:17:06,205 - ERROR - [BookIngestion] - Error checking if book exists: (raised as a result of Query-invoked autoflush; consider using a session.no_autoflush block if this flush is occurring prematurely)
(sqlite3.IntegrityError) UNIQUE constraint failed: books.isbn
[SQL: INSERT INTO books (title, author, isbn, description, category, subcategory, price, original_price, pages, year, publisher, language, edition, format, condition, image, rating, verified, in_stock, stock_quantity, created_at, updated_at) VALUES (?, ?, ?, ?, ?, ?, ?, ?, ?, ?, ?, ?, ?, ?, ?, ?, ?, ?, ?, ?, ?, ?)]
[parameters: ('Java : the Complete Reference, Twelfth Edition', 'Herbert Schildt', '9781260463422', 'A comprehensive book on Java Complete Reference', 'UG', 'Java', 705.0, 1018.11, 501, 2021, 'Unknown', 'English', '2s Edition', 'e-book', 'Good', 'https://covers.openlibrary.org/b/isbn/9781260463422-M.jpg', 4.1, 1, 1, 17, '2026-04-12 10:47:06.198616', '2026-04-12 10:47:06.198616')]
(Background on this error at: https://sqlalche.me/e/20/gkpj)
2026-04-12 16:17:08,613 - INFO - [BookIngestion] -     ✓ Added: Clean Code by Robert C. Martin
2026-04-12 16:17:08,613 - ERROR - [BookIngestion] - Error checking if book exists: This Session's transaction has been rolled back due to a previous exception during flush. To begin a new transaction with this Session, first issue Session.rollback(). Original exception was: (raised as a result of Query-invoked autoflush; consider using a session.no_autoflush block if this flush is occurring prematurely)
(sqlite3.IntegrityError) UNIQUE constraint failed: books.isbn
[SQL: INSERT INTO books (title, author, isbn, description, category, subcategory, price, original_price, pages, year, publisher, language, edition, format, condition, image, rating, verified, in_stock, stock_quantity, created_at, updated_at) VALUES (?, ?, ?, ?, ?, ?, ?, ?, ?, ?, ?, ?, ?, ?, ?, ?, ?, ?, ?, ?, ?, ?)]
[parameters: ('Java : the Complete Reference, Twelfth Edition', 'Herbert Schildt', '9781260463422', 'A comprehensive book on Java Complete Reference', 'UG', 'Java', 705.0, 1018.11, 501, 2021, 'Unknown', 'English', '2s Edition', 'e-book', 'Good', 'https://covers.openlibrary.org/b/isbn/9781260463422-M.jpg', 4.1, 1, 1, 17, '2026-04-12 10:47:06.198616', '2026-04-12 10:47:06.198616')]
(Background on this error at: https://sqlalche.me/e/20/gkpj) (Background on this error at: https://sqlalche.me/e/20/7s2a)
2026-04-12 16:17:11,145 - INFO - [BookIngestion] -     ✓ Added: Código Limpo. Habilidades Práticas Do Agile Softwar by Robert C. Martin
2026-04-12 16:17:11,145 - ERROR - [BookIngestion] - Error checking if book exists: This Session's transaction has been rolled back due to a previous exception during flush. To begin a new transaction with this Session, first issue Session.rollback(). Original exception was: (raised as a result of Query-invoked autoflush; consider using a session.no_autoflush block if this flush is occurring prematurely)
(sqlite3.IntegrityError) UNIQUE constraint failed: books.isbn
[SQL: INSERT INTO books (title, author, isbn, description, category, subcategory, price, original_price, pages, year, publisher, language, edition, format, condition, image, rating, verified, in_stock, stock_quantity, created_at, updated_at) VALUES (?, ?, ?, ?, ?, ?, ?, ?, ?, ?, ?, ?, ?, ?, ?, ?, ?, ?, ?, ?, ?, ?)]
[parameters: ('Java : the Complete Reference, Twelfth Edition', 'Herbert Schildt', '9781260463422', 'A comprehensive book on Java Complete Reference', 'UG', 'Java', 705.0, 1018.11, 501, 2021, 'Unknown', 'English', '2s Edition', 'e-book', 'Good', 'https://covers.openlibrary.org/b/isbn/9781260463422-M.jpg', 4.1, 1, 1, 17, '2026-04-12 10:47:06.198616', '2026-04-12 10:47:06.198616')]
(Background on this error at: https://sqlalche.me/e/20/gkpj) (Background on this error at: https://sqlalche.me/e/20/7s2a)
2026-04-12 16:17:15,335 - INFO - [BookIngestion] -     ✓ Added: Clean Code by Elijah Lewis
2026-04-12 16:17:15,335 - ERROR - [BookIngestion] - Error checking if book exists: This Session's transaction has been rolled back due to a previous exception during flush. To begin a new transaction with this Session, first issue Session.rollback(). Original exception was: (raised as a result of Query-invoked autoflush; consider using a session.no_autoflush block if this flush is occurring prematurely)
(sqlite3.IntegrityError) UNIQUE constraint failed: books.isbn
[SQL: INSERT INTO books (title, author, isbn, description, category, subcategory, price, original_price, pages, year, publisher, language, edition, format, condition, image, rating, verified, in_stock, stock_quantity, created_at, updated_at) VALUES (?, ?, ?, ?, ?, ?, ?, ?, ?, ?, ?, ?, ?, ?, ?, ?, ?, ?, ?, ?, ?, ?)]
[parameters: ('Java : the Complete Reference, Twelfth Edition', 'Herbert Schildt', '9781260463422', 'A comprehensive book on Java Complete Reference', 'UG', 'Java', 705.0, 1018.11, 501, 2021, 'Unknown', 'English', '2s Edition', 'e-book', 'Good', 'https://covers.openlibrary.org/b/isbn/9781260463422-M.jpg', 4.1, 1, 1, 17, '2026-04-12 10:47:06.198616', '2026-04-12 10:47:06.198616')]
(Background on this error at: https://sqlalche.me/e/20/gkpj) (Background on this error at: https://sqlalche.me/e/20/7s2a)
2026-04-12 16:17:17,799 - INFO - [BookIngestion] -     ✓ Added: Mishneh Torah (Codification of Talmudic laws) by Moses Maimonides
2026-04-12 16:17:17,801 - ERROR - [BookIngestion] - Error checking if book exists: This Session's transaction has been rolled back due to a previous exception during flush. To begin a new transaction with this Session, first issue Session.rollback(). Original exception was: (raised as a result of Query-invoked autoflush; consider using a session.no_autoflush block if this flush is occurring prematurely)
(sqlite3.IntegrityError) UNIQUE constraint failed: books.isbn
[SQL: INSERT INTO books (title, author, isbn, description, category, subcategory, price, original_price, pages, year, publisher, language, edition, format, condition, image, rating, verified, in_stock, stock_quantity, created_at, updated_at) VALUES (?, ?, ?, ?, ?, ?, ?, ?, ?, ?, ?, ?, ?, ?, ?, ?, ?, ?, ?, ?, ?, ?)]
[parameters: ('Java : the Complete Reference, Twelfth Edition', 'Herbert Schildt', '9781260463422', 'A comprehensive book on Java Complete Reference', 'UG', 'Java', 705.0, 1018.11, 501, 2021, 'Unknown', 'English', '2s Edition', 'e-book', 'Good', 'https://covers.openlibrary.org/b/isbn/9781260463422-M.jpg', 4.1, 1, 1, 17, '2026-04-12 10:47:06.198616', '2026-04-12 10:47:06.198616')]
(Background on this error at: https://sqlalche.me/e/20/gkpj) (Background on this error at: https://sqlalche.me/e/20/7s2a)
2026-04-12 16:17:20,525 - INFO - [BookIngestion] -     ✓ Added: Clean Code in Python by Mariano Anaya
2026-04-12 16:17:20,525 - ERROR - [BookIngestion] - Error checking if book exists: This Session's transaction has been rolled back due to a previous exception during flush. To begin a new transaction with this Session, first issue Session.rollback(). Original exception was: (raised as a result of Query-invoked autoflush; consider using a session.no_autoflush block if this flush is occurring prematurely)
(sqlite3.IntegrityError) UNIQUE constraint failed: books.isbn
[SQL: INSERT INTO books (title, author, isbn, description, category, subcategory, price, original_price, pages, year, publisher, language, edition, format, condition, image, rating, verified, in_stock, stock_quantity, created_at, updated_at) VALUES (?, ?, ?, ?, ?, ?, ?, ?, ?, ?, ?, ?, ?, ?, ?, ?, ?, ?, ?, ?, ?, ?)]
[parameters: ('Java : the Complete Reference, Twelfth Edition', 'Herbert Schildt', '9781260463422', 'A comprehensive book on Java Complete Reference', 'UG', 'Java', 705.0, 1018.11, 501, 2021, 'Unknown', 'English', '2s Edition', 'e-book', 'Good', 'https://covers.openlibrary.org/b/isbn/9781260463422-M.jpg', 4.1, 1, 1, 17, '2026-04-12 10:47:06.198616', '2026-04-12 10:47:06.198616')]
(Background on this error at: https://sqlalche.me/e/20/gkpj) (Background on this error at: https://sqlalche.me/e/20/7s2a)
2026-04-12 16:17:22,975 - INFO - [BookIngestion] -     ✓ Added: Clean Code by Robert Martin
2026-04-12 16:17:23,478 - INFO - [BookIngestion] -   📖 Subcategory: Data Structures
2026-04-12 16:17:23,480 - INFO - [BookIngestion] -     🔍 Searching for: Data Structures and Algorithms
2026-04-12 16:17:26,867 - INFO - [BookIngestion] - ✓ Found 6 books for query: Data Structures and Algorithms
2026-04-12 16:17:26,870 - ERROR - [BookIngestion] - Error checking if book exists: This Session's transaction has been rolled back due to a previous exception during flush. To begin a new transaction with this Session, first issue Session.rollback(). Original exception was: (raised as a result of Query-invoked autoflush; consider using a session.no_autoflush block if this flush is occurring prematurely)
(sqlite3.IntegrityError) UNIQUE constraint failed: books.isbn
[SQL: INSERT INTO books (title, author, isbn, description, category, subcategory, price, original_price, pages, year, publisher, language, edition, format, condition, image, rating, verified, in_stock, stock_quantity, created_at, updated_at) VALUES (?, ?, ?, ?, ?, ?, ?, ?, ?, ?, ?, ?, ?, ?, ?, ?, ?, ?, ?, ?, ?, ?)]
[parameters: ('Java : the Complete Reference, Twelfth Edition', 'Herbert Schildt', '9781260463422', 'A comprehensive book on Java Complete Reference', 'UG', 'Java', 705.0, 1018.11, 501, 2021, 'Unknown', 'English', '2s Edition', 'e-book', 'Good', 'https://covers.openlibrary.org/b/isbn/9781260463422-M.jpg', 4.1, 1, 1, 17, '2026-04-12 10:47:06.198616', '2026-04-12 10:47:06.198616')]
(Background on this error at: https://sqlalche.me/e/20/gkpj) (Background on this error at: https://sqlalche.me/e/20/7s2a)
2026-04-12 16:17:29,177 - INFO - [BookIngestion] -     ✓ Added: Data Structures and Algorithms Made Easy by Narasimha Karumanchi
2026-04-12 16:17:29,178 - ERROR - [BookIngestion] - Error checking if book exists: This Session's transaction has been rolled back due to a previous exception during flush. To begin a new transaction with this Session, first issue Session.rollback(). Original exception was: (raised as a result of Query-invoked autoflush; consider using a session.no_autoflush block if this flush is occurring prematurely)
(sqlite3.IntegrityError) UNIQUE constraint failed: books.isbn
[SQL: INSERT INTO books (title, author, isbn, description, category, subcategory, price, original_price, pages, year, publisher, language, edition, format, condition, image, rating, verified, in_stock, stock_quantity, created_at, updated_at) VALUES (?, ?, ?, ?, ?, ?, ?, ?, ?, ?, ?, ?, ?, ?, ?, ?, ?, ?, ?, ?, ?, ?)]
[parameters: ('Java : the Complete Reference, Twelfth Edition', 'Herbert Schildt', '9781260463422', 'A comprehensive book on Java Complete Reference', 'UG', 'Java', 705.0, 1018.11, 501, 2021, 'Unknown', 'English', '2s Edition', 'e-book', 'Good', 'https://covers.openlibrary.org/b/isbn/9781260463422-M.jpg', 4.1, 1, 1, 17, '2026-04-12 10:47:06.198616', '2026-04-12 10:47:06.198616')]
(Background on this error at: https://sqlalche.me/e/20/gkpj) (Background on this error at: https://sqlalche.me/e/20/7s2a)
2026-04-12 16:17:33,075 - INFO - [BookIngestion] -     ✓ Added: Data structures and algorithms by Alfred V. Aho
2026-04-12 16:17:33,077 - ERROR - [BookIngestion] - Error checking if book exists: This Session's transaction has been rolled back due to a previous exception during flush. To begin a new transaction with this Session, first issue Session.rollback(). Original exception was: (raised as a result of Query-invoked autoflush; consider using a session.no_autoflush block if this flush is occurring prematurely)
(sqlite3.IntegrityError) UNIQUE constraint failed: books.isbn
[SQL: INSERT INTO books (title, author, isbn, description, category, subcategory, price, original_price, pages, year, publisher, language, edition, format, condition, image, rating, verified, in_stock, stock_quantity, created_at, updated_at) VALUES (?, ?, ?, ?, ?, ?, ?, ?, ?, ?, ?, ?, ?, ?, ?, ?, ?, ?, ?, ?, ?, ?)]
[parameters: ('Java : the Complete Reference, Twelfth Edition', 'Herbert Schildt', '9781260463422', 'A comprehensive book on Java Complete Reference', 'UG', 'Java', 705.0, 1018.11, 501, 2021, 'Unknown', 'English', '2s Edition', 'e-book', 'Good', 'https://covers.openlibrary.org/b/isbn/9781260463422-M.jpg', 4.1, 1, 1, 17, '2026-04-12 10:47:06.198616', '2026-04-12 10:47:06.198616')]
(Background on this error at: https://sqlalche.me/e/20/gkpj) (Background on this error at: https://sqlalche.me/e/20/7s2a)
2026-04-12 16:17:35,466 - INFO - [BookIngestion] -     ✓ Added: Data structures and algorithm analysis in C by Mark Allen Weiss
2026-04-12 16:17:35,470 - ERROR - [BookIngestion] - Error checking if book exists: This Session's transaction has been rolled back due to a previous exception during flush. To begin a new transaction with this Session, first issue Session.rollback(). Original exception was: (raised as a result of Query-invoked autoflush; consider using a session.no_autoflush block if this flush is occurring prematurely)
(sqlite3.IntegrityError) UNIQUE constraint failed: books.isbn
[SQL: INSERT INTO books (title, author, isbn, description, category, subcategory, price, original_price, pages, year, publisher, language, edition, format, condition, image, rating, verified, in_stock, stock_quantity, created_at, updated_at) VALUES (?, ?, ?, ?, ?, ?, ?, ?, ?, ?, ?, ?, ?, ?, ?, ?, ?, ?, ?, ?, ?, ?)]
[parameters: ('Java : the Complete Reference, Twelfth Edition', 'Herbert Schildt', '9781260463422', 'A comprehensive book on Java Complete Reference', 'UG', 'Java', 705.0, 1018.11, 501, 2021, 'Unknown', 'English', '2s Edition', 'e-book', 'Good', 'https://covers.openlibrary.org/b/isbn/9781260463422-M.jpg', 4.1, 1, 1, 17, '2026-04-12 10:47:06.198616', '2026-04-12 10:47:06.198616')]
(Background on this error at: https://sqlalche.me/e/20/gkpj) (Background on this error at: https://sqlalche.me/e/20/7s2a)
2026-04-12 16:17:38,868 - INFO - [BookIngestion] -     ✓ Added: Data structures and algorithms by Shi-Kuo Chang
2026-04-12 16:17:38,868 - ERROR - [BookIngestion] - Error checking if book exists: This Session's transaction has been rolled back due to a previous exception during flush. To begin a new transaction with this Session, first issue Session.rollback(). Original exception was: (raised as a result of Query-invoked autoflush; consider using a session.no_autoflush block if this flush is occurring prematurely)
(sqlite3.IntegrityError) UNIQUE constraint failed: books.isbn
[SQL: INSERT INTO books (title, author, isbn, description, category, subcategory, price, original_price, pages, year, publisher, language, edition, format, condition, image, rating, verified, in_stock, stock_quantity, created_at, updated_at) VALUES (?, ?, ?, ?, ?, ?, ?, ?, ?, ?, ?, ?, ?, ?, ?, ?, ?, ?, ?, ?, ?, ?)]
[parameters: ('Java : the Complete Reference, Twelfth Edition', 'Herbert Schildt', '9781260463422', 'A comprehensive book on Java Complete Reference', 'UG', 'Java', 705.0, 1018.11, 501, 2021, 'Unknown', 'English', '2s Edition', 'e-book', 'Good', 'https://covers.openlibrary.org/b/isbn/9781260463422-M.jpg', 4.1, 1, 1, 17, '2026-04-12 10:47:06.198616', '2026-04-12 10:47:06.198616')]
(Background on this error at: https://sqlalche.me/e/20/gkpj) (Background on this error at: https://sqlalche.me/e/20/7s2a)
2026-04-12 16:17:42,080 - INFO - [BookIngestion] -     ✓ Added: Data Structure and Algorithmic Thinking with Python: Data Structure and Algorithmic Puzzles by Narasimha Karumanchi
2026-04-12 16:17:42,086 - ERROR - [BookIngestion] - Error checking if book exists: This Session's transaction has been rolled back due to a previous exception during flush. To begin a new transaction with this Session, first issue Session.rollback(). Original exception was: (raised as a result of Query-invoked autoflush; consider using a session.no_autoflush block if this flush is occurring prematurely)
(sqlite3.IntegrityError) UNIQUE constraint failed: books.isbn
[SQL: INSERT INTO books (title, author, isbn, description, category, subcategory, price, original_price, pages, year, publisher, language, edition, format, condition, image, rating, verified, in_stock, stock_quantity, created_at, updated_at) VALUES (?, ?, ?, ?, ?, ?, ?, ?, ?, ?, ?, ?, ?, ?, ?, ?, ?, ?, ?, ?, ?, ?)]
[parameters: ('Java : the Complete Reference, Twelfth Edition', 'Herbert Schildt', '9781260463422', 'A comprehensive book on Java Complete Reference', 'UG', 'Java', 705.0, 1018.11, 501, 2021, 'Unknown', 'English', '2s Edition', 'e-book', 'Good', 'https://covers.openlibrary.org/b/isbn/9781260463422-M.jpg', 4.1, 1, 1, 17, '2026-04-12 10:47:06.198616', '2026-04-12 10:47:06.198616')]
(Background on this error at: https://sqlalche.me/e/20/gkpj) (Background on this error at: https://sqlalche.me/e/20/7s2a)
2026-04-12 16:17:45,934 - INFO - [BookIngestion] -     ✓ Added: Data structures and algorithms in C++ by Adam Drozdek
2026-04-12 16:17:46,442 - INFO - [BookIngestion] -     🔍 Searching for: Introduction to Algorithms
2026-04-12 16:17:48,239 - INFO - [BookIngestion] - ✓ Found 6 books for query: Introduction to Algorithms
2026-04-12 16:17:48,250 - ERROR - [BookIngestion] - Error checking if book exists: This Session's transaction has been rolled back due to a previous exception during flush. To begin a new transaction with this Session, first issue Session.rollback(). Original exception was: (raised as a result of Query-invoked autoflush; consider using a session.no_autoflush block if this flush is occurring prematurely)
(sqlite3.IntegrityError) UNIQUE constraint failed: books.isbn
[SQL: INSERT INTO books (title, author, isbn, description, category, subcategory, price, original_price, pages, year, publisher, language, edition, format, condition, image, rating, verified, in_stock, stock_quantity, created_at, updated_at) VALUES (?, ?, ?, ?, ?, ?, ?, ?, ?, ?, ?, ?, ?, ?, ?, ?, ?, ?, ?, ?, ?, ?)]
[parameters: ('Java : the Complete Reference, Twelfth Edition', 'Herbert Schildt', '9781260463422', 'A comprehensive book on Java Complete Reference', 'UG', 'Java', 705.0, 1018.11, 501, 2021, 'Unknown', 'English', '2s Edition', 'e-book', 'Good', 'https://covers.openlibrary.org/b/isbn/9781260463422-M.jpg', 4.1, 1, 1, 17, '2026-04-12 10:47:06.198616', '2026-04-12 10:47:06.198616')]
(Background on this error at: https://sqlalche.me/e/20/gkpj) (Background on this error at: https://sqlalche.me/e/20/7s2a)
2026-04-12 16:17:50,808 - INFO - [BookIngestion] -     ✓ Added: Introduction to Algorithms by Thomas H. Cormen
2026-04-12 16:17:50,808 - ERROR - [BookIngestion] - Error checking if book exists: This Session's transaction has been rolled back due to a previous exception during flush. To begin a new transaction with this Session, first issue Session.rollback(). Original exception was: (raised as a result of Query-invoked autoflush; consider using a session.no_autoflush block if this flush is occurring prematurely)
(sqlite3.IntegrityError) UNIQUE constraint failed: books.isbn
[SQL: INSERT INTO books (title, author, isbn, description, category, subcategory, price, original_price, pages, year, publisher, language, edition, format, condition, image, rating, verified, in_stock, stock_quantity, created_at, updated_at) VALUES (?, ?, ?, ?, ?, ?, ?, ?, ?, ?, ?, ?, ?, ?, ?, ?, ?, ?, ?, ?, ?, ?)]
[parameters: ('Java : the Complete Reference, Twelfth Edition', 'Herbert Schildt', '9781260463422', 'A comprehensive book on Java Complete Reference', 'UG', 'Java', 705.0, 1018.11, 501, 2021, 'Unknown', 'English', '2s Edition', 'e-book', 'Good', 'https://covers.openlibrary.org/b/isbn/9781260463422-M.jpg', 4.1, 1, 1, 17, '2026-04-12 10:47:06.198616', '2026-04-12 10:47:06.198616')]
(Background on this error at: https://sqlalche.me/e/20/gkpj) (Background on this error at: https://sqlalche.me/e/20/7s2a)
2026-04-12 16:17:54,386 - INFO - [BookIngestion] -     ✓ Added: Introduction to algorithms by Udi Manber
2026-04-12 16:17:54,387 - ERROR - [BookIngestion] - Error checking if book exists: This Session's transaction has been rolled back due to a previous exception during flush. To begin a new transaction with this Session, first issue Session.rollback(). Original exception was: (raised as a result of Query-invoked autoflush; consider using a session.no_autoflush block if this flush is occurring prematurely)
(sqlite3.IntegrityError) UNIQUE constraint failed: books.isbn
[SQL: INSERT INTO books (title, author, isbn, description, category, subcategory, price, original_price, pages, year, publisher, language, edition, format, condition, image, rating, verified, in_stock, stock_quantity, created_at, updated_at) VALUES (?, ?, ?, ?, ?, ?, ?, ?, ?, ?, ?, ?, ?, ?, ?, ?, ?, ?, ?, ?, ?, ?)]
[parameters: ('Java : the Complete Reference, Twelfth Edition', 'Herbert Schildt', '9781260463422', 'A comprehensive book on Java Complete Reference', 'UG', 'Java', 705.0, 1018.11, 501, 2021, 'Unknown', 'English', '2s Edition', 'e-book', 'Good', 'https://covers.openlibrary.org/b/isbn/9781260463422-M.jpg', 4.1, 1, 1, 17, '2026-04-12 10:47:06.198616', '2026-04-12 10:47:06.198616')]
(Background on this error at: https://sqlalche.me/e/20/gkpj) (Background on this error at: https://sqlalche.me/e/20/7s2a)
2026-04-12 16:17:57,468 - INFO - [BookIngestion] -     ✓ Added: Introduction to Algorithms by Moubachir MADANI FADOUL
2026-04-12 16:17:57,476 - ERROR - [BookIngestion] - Error checking if book exists: This Session's transaction has been rolled back due to a previous exception during flush. To begin a new transaction with this Session, first issue Session.rollback(). Original exception was: (raised as a result of Query-invoked autoflush; consider using a session.no_autoflush block if this flush is occurring prematurely)
(sqlite3.IntegrityError) UNIQUE constraint failed: books.isbn
[SQL: INSERT INTO books (title, author, isbn, description, category, subcategory, price, original_price, pages, year, publisher, language, edition, format, condition, image, rating, verified, in_stock, stock_quantity, created_at, updated_at) VALUES (?, ?, ?, ?, ?, ?, ?, ?, ?, ?, ?, ?, ?, ?, ?, ?, ?, ?, ?, ?, ?, ?)]
[parameters: ('Java : the Complete Reference, Twelfth Edition', 'Herbert Schildt', '9781260463422', 'A comprehensive book on Java Complete Reference', 'UG', 'Java', 705.0, 1018.11, 501, 2021, 'Unknown', 'English', '2s Edition', 'e-book', 'Good', 'https://covers.openlibrary.org/b/isbn/9781260463422-M.jpg', 4.1, 1, 1, 17, '2026-04-12 10:47:06.198616', '2026-04-12 10:47:06.198616')]
(Background on this error at: https://sqlalche.me/e/20/gkpj) (Background on this error at: https://sqlalche.me/e/20/7s2a)
2026-04-12 16:17:59,996 - INFO - [BookIngestion] -     ✓ Added: Wprowadzenie do algorytmów by Thomas H. Cormen
2026-04-12 16:17:59,998 - ERROR - [BookIngestion] - Error checking if book exists: This Session's transaction has been rolled back due to a previous exception during flush. To begin a new transaction with this Session, first issue Session.rollback(). Original exception was: (raised as a result of Query-invoked autoflush; consider using a session.no_autoflush block if this flush is occurring prematurely)
(sqlite3.IntegrityError) UNIQUE constraint failed: books.isbn
[SQL: INSERT INTO books (title, author, isbn, description, category, subcategory, price, original_price, pages, year, publisher, language, edition, format, condition, image, rating, verified, in_stock, stock_quantity, created_at, updated_at) VALUES (?, ?, ?, ?, ?, ?, ?, ?, ?, ?, ?, ?, ?, ?, ?, ?, ?, ?, ?, ?, ?, ?)]
[parameters: ('Java : the Complete Reference, Twelfth Edition', 'Herbert Schildt', '9781260463422', 'A comprehensive book on Java Complete Reference', 'UG', 'Java', 705.0, 1018.11, 501, 2021, 'Unknown', 'English', '2s Edition', 'e-book', 'Good', 'https://covers.openlibrary.org/b/isbn/9781260463422-M.jpg', 4.1, 1, 1, 17, '2026-04-12 10:47:06.198616', '2026-04-12 10:47:06.198616')]
(Background on this error at: https://sqlalche.me/e/20/gkpj) (Background on this error at: https://sqlalche.me/e/20/7s2a)
2026-04-12 16:18:03,173 - INFO - [BookIngestion] -     ✓ Added: Introduction to Algorithms Text in Russian by Thomas H. Cormen
2026-04-12 16:18:03,175 - ERROR - [BookIngestion] - Error checking if book exists: This Session's transaction has been rolled back due to a previous exception during flush. To begin a new transaction with this Session, first issue Session.rollback(). Original exception was: (raised as a result of Query-invoked autoflush; consider using a session.no_autoflush block if this flush is occurring prematurely)
(sqlite3.IntegrityError) UNIQUE constraint failed: books.isbn
[SQL: INSERT INTO books (title, author, isbn, description, category, subcategory, price, original_price, pages, year, publisher, language, edition, format, condition, image, rating, verified, in_stock, stock_quantity, created_at, updated_at) VALUES (?, ?, ?, ?, ?, ?, ?, ?, ?, ?, ?, ?, ?, ?, ?, ?, ?, ?, ?, ?, ?, ?)]
[parameters: ('Java : the Complete Reference, Twelfth Edition', 'Herbert Schildt', '9781260463422', 'A comprehensive book on Java Complete Reference', 'UG', 'Java', 705.0, 1018.11, 501, 2021, 'Unknown', 'English', '2s Edition', 'e-book', 'Good', 'https://covers.openlibrary.org/b/isbn/9781260463422-M.jpg', 4.1, 1, 1, 17, '2026-04-12 10:47:06.198616', '2026-04-12 10:47:06.198616')]
(Background on this error at: https://sqlalche.me/e/20/gkpj) (Background on this error at: https://sqlalche.me/e/20/7s2a)
2026-04-12 16:18:05,367 - INFO - [BookIngestion] -     ✓ Added: Introduction to Algorithms by Michael David
2026-04-12 16:18:05,367 - ERROR - [BookIngestion] -     ✗ Error adding book: This Session's transaction has been rolled back due to a previous exception during flush. To begin a new transaction with this Session, first issue Session.rollback(). Original exception was: (raised as a result of Query-invoked autoflush; consider using a session.no_autoflush block if this flush is occurring prematurely)
(sqlite3.IntegrityError) UNIQUE constraint failed: books.isbn
[SQL: INSERT INTO books (title, author, isbn, description, category, subcategory, price, original_price, pages, year, publisher, language, edition, format, condition, image, rating, verified, in_stock, stock_quantity, created_at, updated_at) VALUES (?, ?, ?, ?, ?, ?, ?, ?, ?, ?, ?, ?, ?, ?, ?, ?, ?, ?, ?, ?, ?, ?)]
[parameters: ('Java : the Complete Reference, Twelfth Edition', 'Herbert Schildt', '9781260463422', 'A comprehensive book on Java Complete Reference', 'UG', 'Java', 705.0, 1018.11, 501, 2021, 'Unknown', 'English', '2s Edition', 'e-book', 'Good', 'https://covers.openlibrary.org/b/isbn/9781260463422-M.jpg', 4.1, 1, 1, 17, '2026-04-12 10:47:06.198616', '2026-04-12 10:47:06.198616')]
(Background on this error at: https://sqlalche.me/e/20/gkpj) (Background on this error at: https://sqlalche.me/e/20/7s2a)
2026-04-12 16:18:05,871 - INFO - [BookIngestion] -     🔍 Searching for: Cracking the Coding Interview
2026-04-12 16:18:08,627 - INFO - [BookIngestion] - ✓ Found 6 books for query: Cracking the Coding Interview
2026-04-12 16:18:11,558 - INFO - [BookIngestion] -     ✓ Added: Cracking the Coding Interview by Kotiyana
2026-04-12 16:18:14,076 - INFO - [BookIngestion] -     ✓ Added: Cracking the Coding Interview by Chinmoy M
2026-04-12 16:18:19,652 - INFO - [BookIngestion] -     ✓ Added: Cracking the Coding Interview by Chinmoy Mukherjee
2026-04-12 16:18:19,657 - ERROR - [BookIngestion] - Error checking if book exists: (raised as a result of Query-invoked autoflush; consider using a session.no_autoflush block if this flush is occurring prematurely)
(sqlite3.IntegrityError) UNIQUE constraint failed: books.isbn
[SQL: INSERT INTO books (title, author, isbn, description, category, subcategory, price, original_price, pages, year, publisher, language, edition, format, condition, image, rating, verified, in_stock, stock_quantity, created_at, updated_at) VALUES (?, ?, ?, ?, ?, ?, ?, ?, ?, ?, ?, ?, ?, ?, ?, ?, ?, ?, ?, ?, ?, ?)]
[parameters: ('Cracking the Coding Interview', 'Chinmoy Mukherjee', '1532791577', 'A comprehensive book on Cracking the Coding Interview', 'UG', 'Data Structures', 693.0, 841.94, 432, 2015, 'Unknown', 'English', '3s Edition', 'Paperback', 'New', 'https://covers.openlibrary.org/b/isbn/1532791577-M.jpg', 4.8, 1, 1, 1, '2026-04-12 10:48:19.652358', '2026-04-12 10:48:19.652358')]
(Background on this error at: https://sqlalche.me/e/20/gkpj)
2026-04-12 16:18:21,850 - INFO - [BookIngestion] -     ✓ Added: Cracking the Coding Interview by Chinmoy Mukherjee
2026-04-12 16:18:21,850 - ERROR - [BookIngestion] - Error checking if book exists: This Session's transaction has been rolled back due to a previous exception during flush. To begin a new transaction with this Session, first issue Session.rollback(). Original exception was: (raised as a result of Query-invoked autoflush; consider using a session.no_autoflush block if this flush is occurring prematurely)
(sqlite3.IntegrityError) UNIQUE constraint failed: books.isbn
[SQL: INSERT INTO books (title, author, isbn, description, category, subcategory, price, original_price, pages, year, publisher, language, edition, format, condition, image, rating, verified, in_stock, stock_quantity, created_at, updated_at) VALUES (?, ?, ?, ?, ?, ?, ?, ?, ?, ?, ?, ?, ?, ?, ?, ?, ?, ?, ?, ?, ?, ?)]
[parameters: ('Cracking the Coding Interview', 'Chinmoy Mukherjee', '1532791577', 'A comprehensive book on Cracking the Coding Interview', 'UG', 'Data Structures', 693.0, 841.94, 432, 2015, 'Unknown', 'English', '3s Edition', 'Paperback', 'New', 'https://covers.openlibrary.org/b/isbn/1532791577-M.jpg', 4.8, 1, 1, 1, '2026-04-12 10:48:19.652358', '2026-04-12 10:48:19.652358')]
(Background on this error at: https://sqlalche.me/e/20/gkpj) (Background on this error at: https://sqlalche.me/e/20/7s2a)
2026-04-12 16:18:23,980 - INFO - [BookIngestion] -     ✓ Added: Beyond Cracking the Coding Interview by Gayle Laakmann McDowell
2026-04-12 16:18:24,485 - INFO - [BookIngestion] -   📖 Subcategory: Algorithms
2026-04-12 16:18:24,485 - INFO - [BookIngestion] -     🔍 Searching for: Algorithm Design
2026-04-12 16:18:26,657 - INFO - [BookIngestion] - ✓ Found 6 books for query: Algorithm Design
2026-04-12 16:18:26,661 - ERROR - [BookIngestion] - Error checking if book exists: This Session's transaction has been rolled back due to a previous exception during flush. To begin a new transaction with this Session, first issue Session.rollback(). Original exception was: (raised as a result of Query-invoked autoflush; consider using a session.no_autoflush block if this flush is occurring prematurely)
(sqlite3.IntegrityError) UNIQUE constraint failed: books.isbn
[SQL: INSERT INTO books (title, author, isbn, description, category, subcategory, price, original_price, pages, year, publisher, language, edition, format, condition, image, rating, verified, in_stock, stock_quantity, created_at, updated_at) VALUES (?, ?, ?, ?, ?, ?, ?, ?, ?, ?, ?, ?, ?, ?, ?, ?, ?, ?, ?, ?, ?, ?)]
[parameters: ('Cracking the Coding Interview', 'Chinmoy Mukherjee', '1532791577', 'A comprehensive book on Cracking the Coding Interview', 'UG', 'Data Structures', 693.0, 841.94, 432, 2015, 'Unknown', 'English', '3s Edition', 'Paperback', 'New', 'https://covers.openlibrary.org/b/isbn/1532791577-M.jpg', 4.8, 1, 1, 1, '2026-04-12 10:48:19.652358', '2026-04-12 10:48:19.652358')]
(Background on this error at: https://sqlalche.me/e/20/gkpj) (Background on this error at: https://sqlalche.me/e/20/7s2a)
2026-04-12 16:18:29,039 - INFO - [BookIngestion] -     ✓ Added: The algorithm design manual by Steven S. Skiena
2026-04-12 16:18:29,044 - ERROR - [BookIngestion] - Error checking if book exists: This Session's transaction has been rolled back due to a previous exception during flush. To begin a new transaction with this Session, first issue Session.rollback(). Original exception was: (raised as a result of Query-invoked autoflush; consider using a session.no_autoflush block if this flush is occurring prematurely)
(sqlite3.IntegrityError) UNIQUE constraint failed: books.isbn
[SQL: INSERT INTO books (title, author, isbn, description, category, subcategory, price, original_price, pages, year, publisher, language, edition, format, condition, image, rating, verified, in_stock, stock_quantity, created_at, updated_at) VALUES (?, ?, ?, ?, ?, ?, ?, ?, ?, ?, ?, ?, ?, ?, ?, ?, ?, ?, ?, ?, ?, ?)]
[parameters: ('Cracking the Coding Interview', 'Chinmoy Mukherjee', '1532791577', 'A comprehensive book on Cracking the Coding Interview', 'UG', 'Data Structures', 693.0, 841.94, 432, 2015, 'Unknown', 'English', '3s Edition', 'Paperback', 'New', 'https://covers.openlibrary.org/b/isbn/1532791577-M.jpg', 4.8, 1, 1, 1, '2026-04-12 10:48:19.652358', '2026-04-12 10:48:19.652358')]
(Background on this error at: https://sqlalche.me/e/20/gkpj) (Background on this error at: https://sqlalche.me/e/20/7s2a)
2026-04-12 16:18:31,033 - INFO - [BookIngestion] -     ✓ Added: Algorithm design by Jon Kleinberg
2026-04-12 16:18:31,036 - ERROR - [BookIngestion] - Error checking if book exists: This Session's transaction has been rolled back due to a previous exception during flush. To begin a new transaction with this Session, first issue Session.rollback(). Original exception was: (raised as a result of Query-invoked autoflush; consider using a session.no_autoflush block if this flush is occurring prematurely)
(sqlite3.IntegrityError) UNIQUE constraint failed: books.isbn
[SQL: INSERT INTO books (title, author, isbn, description, category, subcategory, price, original_price, pages, year, publisher, language, edition, format, condition, image, rating, verified, in_stock, stock_quantity, created_at, updated_at) VALUES (?, ?, ?, ?, ?, ?, ?, ?, ?, ?, ?, ?, ?, ?, ?, ?, ?, ?, ?, ?, ?, ?)]
[parameters: ('Cracking the Coding Interview', 'Chinmoy Mukherjee', '1532791577', 'A comprehensive book on Cracking the Coding Interview', 'UG', 'Data Structures', 693.0, 841.94, 432, 2015, 'Unknown', 'English', '3s Edition', 'Paperback', 'New', 'https://covers.openlibrary.org/b/isbn/1532791577-M.jpg', 4.8, 1, 1, 1, '2026-04-12 10:48:19.652358', '2026-04-12 10:48:19.652358')]
(Background on this error at: https://sqlalche.me/e/20/gkpj) (Background on this error at: https://sqlalche.me/e/20/7s2a)
2026-04-12 16:18:33,681 - INFO - [BookIngestion] -     ✓ Added: Algorithm design by Eva Tardos
2026-04-12 16:18:33,683 - ERROR - [BookIngestion] - Error checking if book exists: This Session's transaction has been rolled back due to a previous exception during flush. To begin a new transaction with this Session, first issue Session.rollback(). Original exception was: (raised as a result of Query-invoked autoflush; consider using a session.no_autoflush block if this flush is occurring prematurely)
(sqlite3.IntegrityError) UNIQUE constraint failed: books.isbn
[SQL: INSERT INTO books (title, author, isbn, description, category, subcategory, price, original_price, pages, year, publisher, language, edition, format, condition, image, rating, verified, in_stock, stock_quantity, created_at, updated_at) VALUES (?, ?, ?, ?, ?, ?, ?, ?, ?, ?, ?, ?, ?, ?, ?, ?, ?, ?, ?, ?, ?, ?)]
[parameters: ('Cracking the Coding Interview', 'Chinmoy Mukherjee', '1532791577', 'A comprehensive book on Cracking the Coding Interview', 'UG', 'Data Structures', 693.0, 841.94, 432, 2015, 'Unknown', 'English', '3s Edition', 'Paperback', 'New', 'https://covers.openlibrary.org/b/isbn/1532791577-M.jpg', 4.8, 1, 1, 1, '2026-04-12 10:48:19.652358', '2026-04-12 10:48:19.652358')]
(Background on this error at: https://sqlalche.me/e/20/gkpj) (Background on this error at: https://sqlalche.me/e/20/7s2a)
2026-04-12 16:18:36,474 - INFO - [BookIngestion] -     ✓ Added: Algorithm Design by Amro SOLIMA
2026-04-12 16:18:36,477 - ERROR - [BookIngestion] - Error checking if book exists: This Session's transaction has been rolled back due to a previous exception during flush. To begin a new transaction with this Session, first issue Session.rollback(). Original exception was: (raised as a result of Query-invoked autoflush; consider using a session.no_autoflush block if this flush is occurring prematurely)
(sqlite3.IntegrityError) UNIQUE constraint failed: books.isbn
[SQL: INSERT INTO books (title, author, isbn, description, category, subcategory, price, original_price, pages, year, publisher, language, edition, format, condition, image, rating, verified, in_stock, stock_quantity, created_at, updated_at) VALUES (?, ?, ?, ?, ?, ?, ?, ?, ?, ?, ?, ?, ?, ?, ?, ?, ?, ?, ?, ?, ?, ?)]
[parameters: ('Cracking the Coding Interview', 'Chinmoy Mukherjee', '1532791577', 'A comprehensive book on Cracking the Coding Interview', 'UG', 'Data Structures', 693.0, 841.94, 432, 2015, 'Unknown', 'English', '3s Edition', 'Paperback', 'New', 'https://covers.openlibrary.org/b/isbn/1532791577-M.jpg', 4.8, 1, 1, 1, '2026-04-12 10:48:19.652358', '2026-04-12 10:48:19.652358')]
(Background on this error at: https://sqlalche.me/e/20/gkpj) (Background on this error at: https://sqlalche.me/e/20/7s2a)
2026-04-12 16:18:39,770 - INFO - [BookIngestion] -     ✓ Added: Introduction to Algorithms by Thomas H. Cormen
2026-04-12 16:18:39,770 - ERROR - [BookIngestion] - Error checking if book exists: This Session's transaction has been rolled back due to a previous exception during flush. To begin a new transaction with this Session, first issue Session.rollback(). Original exception was: (raised as a result of Query-invoked autoflush; consider using a session.no_autoflush block if this flush is occurring prematurely)
(sqlite3.IntegrityError) UNIQUE constraint failed: books.isbn
[SQL: INSERT INTO books (title, author, isbn, description, category, subcategory, price, original_price, pages, year, publisher, language, edition, format, condition, image, rating, verified, in_stock, stock_quantity, created_at, updated_at) VALUES (?, ?, ?, ?, ?, ?, ?, ?, ?, ?, ?, ?, ?, ?, ?, ?, ?, ?, ?, ?, ?, ?)]
[parameters: ('Cracking the Coding Interview', 'Chinmoy Mukherjee', '1532791577', 'A comprehensive book on Cracking the Coding Interview', 'UG', 'Data Structures', 693.0, 841.94, 432, 2015, 'Unknown', 'English', '3s Edition', 'Paperback', 'New', 'https://covers.openlibrary.org/b/isbn/1532791577-M.jpg', 4.8, 1, 1, 1, '2026-04-12 10:48:19.652358', '2026-04-12 10:48:19.652358')]
(Background on this error at: https://sqlalche.me/e/20/gkpj) (Background on this error at: https://sqlalche.me/e/20/7s2a)
2026-04-12 16:18:43,057 - INFO - [BookIngestion] -     ✓ Added: Algorithm design by Michael T. Goodrich
2026-04-12 16:18:43,568 - INFO - [BookIngestion] -     🔍 Searching for: Algorithmic Problem Solving
2026-04-12 16:18:45,597 - INFO - [BookIngestion] - ✓ Found 6 books for query: Algorithmic Problem Solving
2026-04-12 16:18:45,601 - ERROR - [BookIngestion] - Error checking if book exists: This Session's transaction has been rolled back due to a previous exception during flush. To begin a new transaction with this Session, first issue Session.rollback(). Original exception was: (raised as a result of Query-invoked autoflush; consider using a session.no_autoflush block if this flush is occurring prematurely)
(sqlite3.IntegrityError) UNIQUE constraint failed: books.isbn
[SQL: INSERT INTO books (title, author, isbn, description, category, subcategory, price, original_price, pages, year, publisher, language, edition, format, condition, image, rating, verified, in_stock, stock_quantity, created_at, updated_at) VALUES (?, ?, ?, ?, ?, ?, ?, ?, ?, ?, ?, ?, ?, ?, ?, ?, ?, ?, ?, ?, ?, ?)]
[parameters: ('Cracking the Coding Interview', 'Chinmoy Mukherjee', '1532791577', 'A comprehensive book on Cracking the Coding Interview', 'UG', 'Data Structures', 693.0, 841.94, 432, 2015, 'Unknown', 'English', '3s Edition', 'Paperback', 'New', 'https://covers.openlibrary.org/b/isbn/1532791577-M.jpg', 4.8, 1, 1, 1, '2026-04-12 10:48:19.652358', '2026-04-12 10:48:19.652358')]
(Background on this error at: https://sqlalche.me/e/20/gkpj) (Background on this error at: https://sqlalche.me/e/20/7s2a)
2026-04-12 16:18:47,601 - INFO - [BookIngestion] -     ✓ Added: Algorithmic Problem Solving by Roland C. Backhouse
2026-04-12 16:18:47,601 - ERROR - [BookIngestion] - Error checking if book exists: This Session's transaction has been rolled back due to a previous exception during flush. To begin a new transaction with this Session, first issue Session.rollback(). Original exception was: (raised as a result of Query-invoked autoflush; consider using a session.no_autoflush block if this flush is occurring prematurely)
(sqlite3.IntegrityError) UNIQUE constraint failed: books.isbn
[SQL: INSERT INTO books (title, author, isbn, description, category, subcategory, price, original_price, pages, year, publisher, language, edition, format, condition, image, rating, verified, in_stock, stock_quantity, created_at, updated_at) VALUES (?, ?, ?, ?, ?, ?, ?, ?, ?, ?, ?, ?, ?, ?, ?, ?, ?, ?, ?, ?, ?, ?)]
[parameters: ('Cracking the Coding Interview', 'Chinmoy Mukherjee', '1532791577', 'A comprehensive book on Cracking the Coding Interview', 'UG', 'Data Structures', 693.0, 841.94, 432, 2015, 'Unknown', 'English', '3s Edition', 'Paperback', 'New', 'https://covers.openlibrary.org/b/isbn/1532791577-M.jpg', 4.8, 1, 1, 1, '2026-04-12 10:48:19.652358', '2026-04-12 10:48:19.652358')]
(Background on this error at: https://sqlalche.me/e/20/gkpj) (Background on this error at: https://sqlalche.me/e/20/7s2a)
2026-04-12 16:18:51,308 - INFO - [BookIngestion] -     ✓ Added: Algorithmic problem solving by Roland C. Backhouse
2026-04-12 16:18:51,311 - ERROR - [BookIngestion] - Error checking if book exists: This Session's transaction has been rolled back due to a previous exception during flush. To begin a new transaction with this Session, first issue Session.rollback(). Original exception was: (raised as a result of Query-invoked autoflush; consider using a session.no_autoflush block if this flush is occurring prematurely)
(sqlite3.IntegrityError) UNIQUE constraint failed: books.isbn
[SQL: INSERT INTO books (title, author, isbn, description, category, subcategory, price, original_price, pages, year, publisher, language, edition, format, condition, image, rating, verified, in_stock, stock_quantity, created_at, updated_at) VALUES (?, ?, ?, ?, ?, ?, ?, ?, ?, ?, ?, ?, ?, ?, ?, ?, ?, ?, ?, ?, ?, ?)]
[parameters: ('Cracking the Coding Interview', 'Chinmoy Mukherjee', '1532791577', 'A comprehensive book on Cracking the Coding Interview', 'UG', 'Data Structures', 693.0, 841.94, 432, 2015, 'Unknown', 'English', '3s Edition', 'Paperback', 'New', 'https://covers.openlibrary.org/b/isbn/1532791577-M.jpg', 4.8, 1, 1, 1, '2026-04-12 10:48:19.652358', '2026-04-12 10:48:19.652358')]
(Background on this error at: https://sqlalche.me/e/20/gkpj) (Background on this error at: https://sqlalche.me/e/20/7s2a)
2026-04-12 16:18:58,352 - INFO - [BookIngestion] -     ✓ Added: Algorithmic Problem Solving by Wayne Ramirez
2026-04-12 16:18:58,354 - ERROR - [BookIngestion] - Error checking if book exists: This Session's transaction has been rolled back due to a previous exception during flush. To begin a new transaction with this Session, first issue Session.rollback(). Original exception was: (raised as a result of Query-invoked autoflush; consider using a session.no_autoflush block if this flush is occurring prematurely)
(sqlite3.IntegrityError) UNIQUE constraint failed: books.isbn
[SQL: INSERT INTO books (title, author, isbn, description, category, subcategory, price, original_price, pages, year, publisher, language, edition, format, condition, image, rating, verified, in_stock, stock_quantity, created_at, updated_at) VALUES (?, ?, ?, ?, ?, ?, ?, ?, ?, ?, ?, ?, ?, ?, ?, ?, ?, ?, ?, ?, ?, ?)]
[parameters: ('Cracking the Coding Interview', 'Chinmoy Mukherjee', '1532791577', 'A comprehensive book on Cracking the Coding Interview', 'UG', 'Data Structures', 693.0, 841.94, 432, 2015, 'Unknown', 'English', '3s Edition', 'Paperback', 'New', 'https://covers.openlibrary.org/b/isbn/1532791577-M.jpg', 4.8, 1, 1, 1, '2026-04-12 10:48:19.652358', '2026-04-12 10:48:19.652358')]
(Background on this error at: https://sqlalche.me/e/20/gkpj) (Background on this error at: https://sqlalche.me/e/20/7s2a)
2026-04-12 16:19:03,536 - INFO - [BookIngestion] -     ✓ Added: Artificial intelligence by Stuart J. Russell
2026-04-12 16:19:03,538 - ERROR - [BookIngestion] - Error checking if book exists: This Session's transaction has been rolled back due to a previous exception during flush. To begin a new transaction with this Session, first issue Session.rollback(). Original exception was: (raised as a result of Query-invoked autoflush; consider using a session.no_autoflush block if this flush is occurring prematurely)
(sqlite3.IntegrityError) UNIQUE constraint failed: books.isbn
[SQL: INSERT INTO books (title, author, isbn, description, category, subcategory, price, original_price, pages, year, publisher, language, edition, format, condition, image, rating, verified, in_stock, stock_quantity, created_at, updated_at) VALUES (?, ?, ?, ?, ?, ?, ?, ?, ?, ?, ?, ?, ?, ?, ?, ?, ?, ?, ?, ?, ?, ?)]
[parameters: ('Cracking the Coding Interview', 'Chinmoy Mukherjee', '1532791577', 'A comprehensive book on Cracking the Coding Interview', 'UG', 'Data Structures', 693.0, 841.94, 432, 2015, 'Unknown', 'English', '3s Edition', 'Paperback', 'New', 'https://covers.openlibrary.org/b/isbn/1532791577-M.jpg', 4.8, 1, 1, 1, '2026-04-12 10:48:19.652358', '2026-04-12 10:48:19.652358')]
(Background on this error at: https://sqlalche.me/e/20/gkpj) (Background on this error at: https://sqlalche.me/e/20/7s2a)
2026-04-12 16:19:10,617 - INFO - [BookIngestion] -     ✓ Added: Algorithms to Live By by Brian Christian
2026-04-12 16:19:10,618 - ERROR - [BookIngestion] - Error checking if book exists: This Session's transaction has been rolled back due to a previous exception during flush. To begin a new transaction with this Session, first issue Session.rollback(). Original exception was: (raised as a result of Query-invoked autoflush; consider using a session.no_autoflush block if this flush is occurring prematurely)
(sqlite3.IntegrityError) UNIQUE constraint failed: books.isbn
[SQL: INSERT INTO books (title, author, isbn, description, category, subcategory, price, original_price, pages, year, publisher, language, edition, format, condition, image, rating, verified, in_stock, stock_quantity, created_at, updated_at) VALUES (?, ?, ?, ?, ?, ?, ?, ?, ?, ?, ?, ?, ?, ?, ?, ?, ?, ?, ?, ?, ?, ?)]
[parameters: ('Cracking the Coding Interview', 'Chinmoy Mukherjee', '1532791577', 'A comprehensive book on Cracking the Coding Interview', 'UG', 'Data Structures', 693.0, 841.94, 432, 2015, 'Unknown', 'English', '3s Edition', 'Paperback', 'New', 'https://covers.openlibrary.org/b/isbn/1532791577-M.jpg', 4.8, 1, 1, 1, '2026-04-12 10:48:19.652358', '2026-04-12 10:48:19.652358')]
(Background on this error at: https://sqlalche.me/e/20/gkpj) (Background on this error at: https://sqlalche.me/e/20/7s2a)
2026-04-12 16:19:17,218 - INFO - [BookIngestion] -     ✓ Added: Algorithms by Blake A. Hoena
2026-04-12 16:19:17,728 - INFO - [BookIngestion] -     🔍 Searching for: The Art of Computer Programming
2026-04-12 16:19:21,016 - INFO - [BookIngestion] - ✓ Found 6 books for query: The Art of Computer Programming
2026-04-12 16:19:21,018 - ERROR - [BookIngestion] - Error checking if book exists: This Session's transaction has been rolled back due to a previous exception during flush. To begin a new transaction with this Session, first issue Session.rollback(). Original exception was: (raised as a result of Query-invoked autoflush; consider using a session.no_autoflush block if this flush is occurring prematurely)
(sqlite3.IntegrityError) UNIQUE constraint failed: books.isbn
[SQL: INSERT INTO books (title, author, isbn, description, category, subcategory, price, original_price, pages, year, publisher, language, edition, format, condition, image, rating, verified, in_stock, stock_quantity, created_at, updated_at) VALUES (?, ?, ?, ?, ?, ?, ?, ?, ?, ?, ?, ?, ?, ?, ?, ?, ?, ?, ?, ?, ?, ?)]
[parameters: ('Cracking the Coding Interview', 'Chinmoy Mukherjee', '1532791577', 'A comprehensive book on Cracking the Coding Interview', 'UG', 'Data Structures', 693.0, 841.94, 432, 2015, 'Unknown', 'English', '3s Edition', 'Paperback', 'New', 'https://covers.openlibrary.org/b/isbn/1532791577-M.jpg', 4.8, 1, 1, 1, '2026-04-12 10:48:19.652358', '2026-04-12 10:48:19.652358')]
(Background on this error at: https://sqlalche.me/e/20/gkpj) (Background on this error at: https://sqlalche.me/e/20/7s2a)
2026-04-12 16:19:25,090 - INFO - [BookIngestion] -     ✓ Added: The art of computer programming by Donald Knuth
2026-04-12 16:19:25,097 - ERROR - [BookIngestion] - Error checking if book exists: This Session's transaction has been rolled back due to a previous exception during flush. To begin a new transaction with this Session, first issue Session.rollback(). Original exception was: (raised as a result of Query-invoked autoflush; consider using a session.no_autoflush block if this flush is occurring prematurely)
(sqlite3.IntegrityError) UNIQUE constraint failed: books.isbn
[SQL: INSERT INTO books (title, author, isbn, description, category, subcategory, price, original_price, pages, year, publisher, language, edition, format, condition, image, rating, verified, in_stock, stock_quantity, created_at, updated_at) VALUES (?, ?, ?, ?, ?, ?, ?, ?, ?, ?, ?, ?, ?, ?, ?, ?, ?, ?, ?, ?, ?, ?)]
[parameters: ('Cracking the Coding Interview', 'Chinmoy Mukherjee', '1532791577', 'A comprehensive book on Cracking the Coding Interview', 'UG', 'Data Structures', 693.0, 841.94, 432, 2015, 'Unknown', 'English', '3s Edition', 'Paperback', 'New', 'https://covers.openlibrary.org/b/isbn/1532791577-M.jpg', 4.8, 1, 1, 1, '2026-04-12 10:48:19.652358', '2026-04-12 10:48:19.652358')]
(Background on this error at: https://sqlalche.me/e/20/gkpj) (Background on this error at: https://sqlalche.me/e/20/7s2a)
2026-04-12 16:19:27,995 - INFO - [BookIngestion] -     ✓ Added: The art of computer programming by Donald Knuth
2026-04-12 16:19:27,997 - ERROR - [BookIngestion] - Error checking if book exists: This Session's transaction has been rolled back due to a previous exception during flush. To begin a new transaction with this Session, first issue Session.rollback(). Original exception was: (raised as a result of Query-invoked autoflush; consider using a session.no_autoflush block if this flush is occurring prematurely)
(sqlite3.IntegrityError) UNIQUE constraint failed: books.isbn
[SQL: INSERT INTO books (title, author, isbn, description, category, subcategory, price, original_price, pages, year, publisher, language, edition, format, condition, image, rating, verified, in_stock, stock_quantity, created_at, updated_at) VALUES (?, ?, ?, ?, ?, ?, ?, ?, ?, ?, ?, ?, ?, ?, ?, ?, ?, ?, ?, ?, ?, ?)]
[parameters: ('Cracking the Coding Interview', 'Chinmoy Mukherjee', '1532791577', 'A comprehensive book on Cracking the Coding Interview', 'UG', 'Data Structures', 693.0, 841.94, 432, 2015, 'Unknown', 'English', '3s Edition', 'Paperback', 'New', 'https://covers.openlibrary.org/b/isbn/1532791577-M.jpg', 4.8, 1, 1, 1, '2026-04-12 10:48:19.652358', '2026-04-12 10:48:19.652358')]
(Background on this error at: https://sqlalche.me/e/20/gkpj) (Background on this error at: https://sqlalche.me/e/20/7s2a)
2026-04-12 16:19:31,289 - INFO - [BookIngestion] -     ✓ Added: The art of computer programming by Donald William Drury
2026-04-12 16:19:31,289 - ERROR - [BookIngestion] - Error checking if book exists: This Session's transaction has been rolled back due to a previous exception during flush. To begin a new transaction with this Session, first issue Session.rollback(). Original exception was: (raised as a result of Query-invoked autoflush; consider using a session.no_autoflush block if this flush is occurring prematurely)
(sqlite3.IntegrityError) UNIQUE constraint failed: books.isbn
[SQL: INSERT INTO books (title, author, isbn, description, category, subcategory, price, original_price, pages, year, publisher, language, edition, format, condition, image, rating, verified, in_stock, stock_quantity, created_at, updated_at) VALUES (?, ?, ?, ?, ?, ?, ?, ?, ?, ?, ?, ?, ?, ?, ?, ?, ?, ?, ?, ?, ?, ?)]
[parameters: ('Cracking the Coding Interview', 'Chinmoy Mukherjee', '1532791577', 'A comprehensive book on Cracking the Coding Interview', 'UG', 'Data Structures', 693.0, 841.94, 432, 2015, 'Unknown', 'English', '3s Edition', 'Paperback', 'New', 'https://covers.openlibrary.org/b/isbn/1532791577-M.jpg', 4.8, 1, 1, 1, '2026-04-12 10:48:19.652358', '2026-04-12 10:48:19.652358')]
(Background on this error at: https://sqlalche.me/e/20/gkpj) (Background on this error at: https://sqlalche.me/e/20/7s2a)
2026-04-12 16:19:33,294 - INFO - [BookIngestion] -     ✓ Added: The art of computer programming by Donald Knuth
2026-04-12 16:19:33,294 - ERROR - [BookIngestion] - Error checking if book exists: This Session's transaction has been rolled back due to a previous exception during flush. To begin a new transaction with this Session, first issue Session.rollback(). Original exception was: (raised as a result of Query-invoked autoflush; consider using a session.no_autoflush block if this flush is occurring prematurely)
(sqlite3.IntegrityError) UNIQUE constraint failed: books.isbn
[SQL: INSERT INTO books (title, author, isbn, description, category, subcategory, price, original_price, pages, year, publisher, language, edition, format, condition, image, rating, verified, in_stock, stock_quantity, created_at, updated_at) VALUES (?, ?, ?, ?, ?, ?, ?, ?, ?, ?, ?, ?, ?, ?, ?, ?, ?, ?, ?, ?, ?, ?)]
[parameters: ('Cracking the Coding Interview', 'Chinmoy Mukherjee', '1532791577', 'A comprehensive book on Cracking the Coding Interview', 'UG', 'Data Structures', 693.0, 841.94, 432, 2015, 'Unknown', 'English', '3s Edition', 'Paperback', 'New', 'https://covers.openlibrary.org/b/isbn/1532791577-M.jpg', 4.8, 1, 1, 1, '2026-04-12 10:48:19.652358', '2026-04-12 10:48:19.652358')]
(Background on this error at: https://sqlalche.me/e/20/gkpj) (Background on this error at: https://sqlalche.me/e/20/7s2a)
2026-04-12 16:19:36,585 - INFO - [BookIngestion] -     ✓ Added: The art of computer programming by Donald Ervin Knuth
2026-04-12 16:19:36,585 - ERROR - [BookIngestion] - Error checking if book exists: This Session's transaction has been rolled back due to a previous exception during flush. To begin a new transaction with this Session, first issue Session.rollback(). Original exception was: (raised as a result of Query-invoked autoflush; consider using a session.no_autoflush block if this flush is occurring prematurely)
(sqlite3.IntegrityError) UNIQUE constraint failed: books.isbn
[SQL: INSERT INTO books (title, author, isbn, description, category, subcategory, price, original_price, pages, year, publisher, language, edition, format, condition, image, rating, verified, in_stock, stock_quantity, created_at, updated_at) VALUES (?, ?, ?, ?, ?, ?, ?, ?, ?, ?, ?, ?, ?, ?, ?, ?, ?, ?, ?, ?, ?, ?)]
[parameters: ('Cracking the Coding Interview', 'Chinmoy Mukherjee', '1532791577', 'A comprehensive book on Cracking the Coding Interview', 'UG', 'Data Structures', 693.0, 841.94, 432, 2015, 'Unknown', 'English', '3s Edition', 'Paperback', 'New', 'https://covers.openlibrary.org/b/isbn/1532791577-M.jpg', 4.8, 1, 1, 1, '2026-04-12 10:48:19.652358', '2026-04-12 10:48:19.652358')]
(Background on this error at: https://sqlalche.me/e/20/gkpj) (Background on this error at: https://sqlalche.me/e/20/7s2a)
2026-04-12 16:19:38,878 - INFO - [BookIngestion] -     ✓ Added: Advances in Computers, Volume 49 (Advances in Computers) by Marvin V. Zelkowitz
2026-04-12 16:19:39,381 - INFO - [BookIngestion] -     🔍 Searching for: Grokking Algorithms
2026-04-12 16:19:42,772 - INFO - [BookIngestion] - ✓ Found 5 books for query: Grokking Algorithms
2026-04-12 16:19:42,779 - ERROR - [BookIngestion] - Error checking if book exists: This Session's transaction has been rolled back due to a previous exception during flush. To begin a new transaction with this Session, first issue Session.rollback(). Original exception was: (raised as a result of Query-invoked autoflush; consider using a session.no_autoflush block if this flush is occurring prematurely)
(sqlite3.IntegrityError) UNIQUE constraint failed: books.isbn
[SQL: INSERT INTO books (title, author, isbn, description, category, subcategory, price, original_price, pages, year, publisher, language, edition, format, condition, image, rating, verified, in_stock, stock_quantity, created_at, updated_at) VALUES (?, ?, ?, ?, ?, ?, ?, ?, ?, ?, ?, ?, ?, ?, ?, ?, ?, ?, ?, ?, ?, ?)]
[parameters: ('Cracking the Coding Interview', 'Chinmoy Mukherjee', '1532791577', 'A comprehensive book on Cracking the Coding Interview', 'UG', 'Data Structures', 693.0, 841.94, 432, 2015, 'Unknown', 'English', '3s Edition', 'Paperback', 'New', 'https://covers.openlibrary.org/b/isbn/1532791577-M.jpg', 4.8, 1, 1, 1, '2026-04-12 10:48:19.652358', '2026-04-12 10:48:19.652358')]
(Background on this error at: https://sqlalche.me/e/20/gkpj) (Background on this error at: https://sqlalche.me/e/20/7s2a)
2026-04-12 16:19:46,303 - INFO - [BookIngestion] -     ✓ Added: Grokking Algorithms by Aditya Y. Bhargava
2026-04-12 16:19:46,303 - ERROR - [BookIngestion] - Error checking if book exists: This Session's transaction has been rolled back due to a previous exception during flush. To begin a new transaction with this Session, first issue Session.rollback(). Original exception was: (raised as a result of Query-invoked autoflush; consider using a session.no_autoflush block if this flush is occurring prematurely)
(sqlite3.IntegrityError) UNIQUE constraint failed: books.isbn
[SQL: INSERT INTO books (title, author, isbn, description, category, subcategory, price, original_price, pages, year, publisher, language, edition, format, condition, image, rating, verified, in_stock, stock_quantity, created_at, updated_at) VALUES (?, ?, ?, ?, ?, ?, ?, ?, ?, ?, ?, ?, ?, ?, ?, ?, ?, ?, ?, ?, ?, ?)]
[parameters: ('Cracking the Coding Interview', 'Chinmoy Mukherjee', '1532791577', 'A comprehensive book on Cracking the Coding Interview', 'UG', 'Data Structures', 693.0, 841.94, 432, 2015, 'Unknown', 'English', '3s Edition', 'Paperback', 'New', 'https://covers.openlibrary.org/b/isbn/1532791577-M.jpg', 4.8, 1, 1, 1, '2026-04-12 10:48:19.652358', '2026-04-12 10:48:19.652358')]
(Background on this error at: https://sqlalche.me/e/20/gkpj) (Background on this error at: https://sqlalche.me/e/20/7s2a)
2026-04-12 16:19:53,379 - INFO - [BookIngestion] -     ✓ Added: Grokking Algorithms: An illustrated guide for programmers and other curious people by Aditya Y. Bhargava
2026-04-12 16:19:53,381 - ERROR - [BookIngestion] - Error checking if book exists: This Session's transaction has been rolled back due to a previous exception during flush. To begin a new transaction with this Session, first issue Session.rollback(). Original exception was: (raised as a result of Query-invoked autoflush; consider using a session.no_autoflush block if this flush is occurring prematurely)
(sqlite3.IntegrityError) UNIQUE constraint failed: books.isbn
[SQL: INSERT INTO books (title, author, isbn, description, category, subcategory, price, original_price, pages, year, publisher, language, edition, format, condition, image, rating, verified, in_stock, stock_quantity, created_at, updated_at) VALUES (?, ?, ?, ?, ?, ?, ?, ?, ?, ?, ?, ?, ?, ?, ?, ?, ?, ?, ?, ?, ?, ?)]
[parameters: ('Cracking the Coding Interview', 'Chinmoy Mukherjee', '1532791577', 'A comprehensive book on Cracking the Coding Interview', 'UG', 'Data Structures', 693.0, 841.94, 432, 2015, 'Unknown', 'English', '3s Edition', 'Paperback', 'New', 'https://covers.openlibrary.org/b/isbn/1532791577-M.jpg', 4.8, 1, 1, 1, '2026-04-12 10:48:19.652358', '2026-04-12 10:48:19.652358')]
(Background on this error at: https://sqlalche.me/e/20/gkpj) (Background on this error at: https://sqlalche.me/e/20/7s2a)
2026-04-12 16:20:00,430 - INFO - [BookIngestion] -     ✓ Added: Grokking Algorithms by Eric Schmidt
2026-04-12 16:20:00,433 - ERROR - [BookIngestion] - Error checking if book exists: This Session's transaction has been rolled back due to a previous exception during flush. To begin a new transaction with this Session, first issue Session.rollback(). Original exception was: (raised as a result of Query-invoked autoflush; consider using a session.no_autoflush block if this flush is occurring prematurely)
(sqlite3.IntegrityError) UNIQUE constraint failed: books.isbn
[SQL: INSERT INTO books (title, author, isbn, description, category, subcategory, price, original_price, pages, year, publisher, language, edition, format, condition, image, rating, verified, in_stock, stock_quantity, created_at, updated_at) VALUES (?, ?, ?, ?, ?, ?, ?, ?, ?, ?, ?, ?, ?, ?, ?, ?, ?, ?, ?, ?, ?, ?)]
[parameters: ('Cracking the Coding Interview', 'Chinmoy Mukherjee', '1532791577', 'A comprehensive book on Cracking the Coding Interview', 'UG', 'Data Structures', 693.0, 841.94, 432, 2015, 'Unknown', 'English', '3s Edition', 'Paperback', 'New', 'https://covers.openlibrary.org/b/isbn/1532791577-M.jpg', 4.8, 1, 1, 1, '2026-04-12 10:48:19.652358', '2026-04-12 10:48:19.652358')]
(Background on this error at: https://sqlalche.me/e/20/gkpj) (Background on this error at: https://sqlalche.me/e/20/7s2a)
2026-04-12 16:20:08,910 - INFO - [BookIngestion] -     ✓ Added: Grokking Algorithms, Second Edition by Aditya Y. Bhargava
2026-04-12 16:20:08,910 - ERROR - [BookIngestion] - Error checking if book exists: This Session's transaction has been rolled back due to a previous exception during flush. To begin a new transaction with this Session, first issue Session.rollback(). Original exception was: (raised as a result of Query-invoked autoflush; consider using a session.no_autoflush block if this flush is occurring prematurely)
(sqlite3.IntegrityError) UNIQUE constraint failed: books.isbn
[SQL: INSERT INTO books (title, author, isbn, description, category, subcategory, price, original_price, pages, year, publisher, language, edition, format, condition, image, rating, verified, in_stock, stock_quantity, created_at, updated_at) VALUES (?, ?, ?, ?, ?, ?, ?, ?, ?, ?, ?, ?, ?, ?, ?, ?, ?, ?, ?, ?, ?, ?)]
[parameters: ('Cracking the Coding Interview', 'Chinmoy Mukherjee', '1532791577', 'A comprehensive book on Cracking the Coding Interview', 'UG', 'Data Structures', 693.0, 841.94, 432, 2015, 'Unknown', 'English', '3s Edition', 'Paperback', 'New', 'https://covers.openlibrary.org/b/isbn/1532791577-M.jpg', 4.8, 1, 1, 1, '2026-04-12 10:48:19.652358', '2026-04-12 10:48:19.652358')]
(Background on this error at: https://sqlalche.me/e/20/gkpj) (Background on this error at: https://sqlalche.me/e/20/7s2a)
2026-04-12 16:20:16,020 - INFO - [BookIngestion] -     ✓ Added: Grokking Artificial Intelligence Algorithms by Rishal Hurbans
2026-04-12 16:20:16,528 - INFO - [BookIngestion] -   📖 Subcategory: DBMS
2026-04-12 16:20:16,528 - INFO - [BookIngestion] -     🔍 Searching for: Database Systems
2026-04-12 16:20:21,752 - INFO - [BookIngestion] - ✓ Found 6 books for query: Database Systems
2026-04-12 16:20:21,752 - ERROR - [BookIngestion] - Error checking if book exists: This Session's transaction has been rolled back due to a previous exception during flush. To begin a new transaction with this Session, first issue Session.rollback(). Original exception was: (raised as a result of Query-invoked autoflush; consider using a session.no_autoflush block if this flush is occurring prematurely)
(sqlite3.IntegrityError) UNIQUE constraint failed: books.isbn
[SQL: INSERT INTO books (title, author, isbn, description, category, subcategory, price, original_price, pages, year, publisher, language, edition, format, condition, image, rating, verified, in_stock, stock_quantity, created_at, updated_at) VALUES (?, ?, ?, ?, ?, ?, ?, ?, ?, ?, ?, ?, ?, ?, ?, ?, ?, ?, ?, ?, ?, ?)]
[parameters: ('Cracking the Coding Interview', 'Chinmoy Mukherjee', '1532791577', 'A comprehensive book on Cracking the Coding Interview', 'UG', 'Data Structures', 693.0, 841.94, 432, 2015, 'Unknown', 'English', '3s Edition', 'Paperback', 'New', 'https://covers.openlibrary.org/b/isbn/1532791577-M.jpg', 4.8, 1, 1, 1, '2026-04-12 10:48:19.652358', '2026-04-12 10:48:19.652358')]
(Background on this error at: https://sqlalche.me/e/20/gkpj) (Background on this error at: https://sqlalche.me/e/20/7s2a)
2026-04-12 16:20:24,806 - INFO - [BookIngestion] -     ✓ Added: Database system concepts by Abraham Silberschatz
2026-04-12 16:20:24,806 - ERROR - [BookIngestion] - Error checking if book exists: This Session's transaction has been rolled back due to a previous exception during flush. To begin a new transaction with this Session, first issue Session.rollback(). Original exception was: (raised as a result of Query-invoked autoflush; consider using a session.no_autoflush block if this flush is occurring prematurely)
(sqlite3.IntegrityError) UNIQUE constraint failed: books.isbn
[SQL: INSERT INTO books (title, author, isbn, description, category, subcategory, price, original_price, pages, year, publisher, language, edition, format, condition, image, rating, verified, in_stock, stock_quantity, created_at, updated_at) VALUES (?, ?, ?, ?, ?, ?, ?, ?, ?, ?, ?, ?, ?, ?, ?, ?, ?, ?, ?, ?, ?, ?)]
[parameters: ('Cracking the Coding Interview', 'Chinmoy Mukherjee', '1532791577', 'A comprehensive book on Cracking the Coding Interview', 'UG', 'Data Structures', 693.0, 841.94, 432, 2015, 'Unknown', 'English', '3s Edition', 'Paperback', 'New', 'https://covers.openlibrary.org/b/isbn/1532791577-M.jpg', 4.8, 1, 1, 1, '2026-04-12 10:48:19.652358', '2026-04-12 10:48:19.652358')]
(Background on this error at: https://sqlalche.me/e/20/gkpj) (Background on this error at: https://sqlalche.me/e/20/7s2a)
2026-04-12 16:20:28,656 - INFO - [BookIngestion] -     ✓ Added: Fundamentals of database systems by Ramez Elmasri
2026-04-12 16:20:28,658 - ERROR - [BookIngestion] - Error checking if book exists: This Session's transaction has been rolled back due to a previous exception during flush. To begin a new transaction with this Session, first issue Session.rollback(). Original exception was: (raised as a result of Query-invoked autoflush; consider using a session.no_autoflush block if this flush is occurring prematurely)
(sqlite3.IntegrityError) UNIQUE constraint failed: books.isbn
[SQL: INSERT INTO books (title, author, isbn, description, category, subcategory, price, original_price, pages, year, publisher, language, edition, format, condition, image, rating, verified, in_stock, stock_quantity, created_at, updated_at) VALUES (?, ?, ?, ?, ?, ?, ?, ?, ?, ?, ?, ?, ?, ?, ?, ?, ?, ?, ?, ?, ?, ?)]
[parameters: ('Cracking the Coding Interview', 'Chinmoy Mukherjee', '1532791577', 'A comprehensive book on Cracking the Coding Interview', 'UG', 'Data Structures', 693.0, 841.94, 432, 2015, 'Unknown', 'English', '3s Edition', 'Paperback', 'New', 'https://covers.openlibrary.org/b/isbn/1532791577-M.jpg', 4.8, 1, 1, 1, '2026-04-12 10:48:19.652358', '2026-04-12 10:48:19.652358')]
(Background on this error at: https://sqlalche.me/e/20/gkpj) (Background on this error at: https://sqlalche.me/e/20/7s2a)
2026-04-12 16:21:29,830 - INFO - [__main__] - ============================================================
2026-04-12 16:21:29,830 - INFO - [__main__] - DUSTY SHELF - BOOK INGESTION SYSTEM
2026-04-12 16:21:29,830 - INFO - [__main__] - ============================================================
2026-04-12 16:21:29,830 - INFO - [__main__] - Clearing existing books...
2026-04-12 16:21:29,844 - INFO - [__main__] - Creating categories...
2026-04-12 16:21:29,852 - ERROR - [__main__] - Fatal error: (raised as a result of Query-invoked autoflush; consider using a session.no_autoflush block if this flush is occurring prematurely)
(sqlite3.IntegrityError) UNIQUE constraint failed: categories.name
[SQL: INSERT INTO categories (name, slug, description, icon, image) VALUES (?, ?, ?, ?, ?)]
[parameters: ('Undergraduate', 'UG', None, None, None)]
(Background on this error at: https://sqlalche.me/e/20/gkpj)
Traceback (most recent call last):
  File "C:\Users\Mahid\OneDrive\Desktop\pcl\.venv\lib\site-packages\sqlalchemy\engine\base.py", line 1969, in _exec_single_context
    self.dialect.do_execute(
  File "C:\Users\Mahid\OneDrive\Desktop\pcl\.venv\lib\site-packages\sqlalchemy\engine\default.py", line 922, in do_execute
    cursor.execute(statement, parameters)
sqlite3.IntegrityError: UNIQUE constraint failed: categories.name

The above exception was the direct cause of the following exception:

Traceback (most recent call last):
  File "C:\Users\Mahid\OneDrive\Desktop\pcl\ingest_books_simple.py", line 318, in <module>
    ingest_books()
  File "C:\Users\Mahid\OneDrive\Desktop\pcl\ingest_books_simple.py", line 237, in ingest_books
    existing = Category.query.filter_by(slug=cat_code).first()
  File "C:\Users\Mahid\OneDrive\Desktop\pcl\.venv\lib\site-packages\sqlalchemy\orm\query.py", line 2748, in first
    return self.limit(1)._iter().first()  # type: ignore
  File "C:\Users\Mahid\OneDrive\Desktop\pcl\.venv\lib\site-packages\sqlalchemy\orm\query.py", line 2847, in _iter
    result: Union[ScalarResult[_T], Result[_T]] = self.session.execute(
  File "C:\Users\Mahid\OneDrive\Desktop\pcl\.venv\lib\site-packages\sqlalchemy\orm\session.py", line 2308, in execute
    return self._execute_internal(
  File "C:\Users\Mahid\OneDrive\Desktop\pcl\.venv\lib\site-packages\sqlalchemy\orm\session.py", line 2169, in _execute_internal
    ) = compile_state_cls.orm_pre_session_exec(
  File "C:\Users\Mahid\OneDrive\Desktop\pcl\.venv\lib\site-packages\sqlalchemy\orm\context.py", line 551, in orm_pre_session_exec
    session._autoflush()
  File "C:\Users\Mahid\OneDrive\Desktop\pcl\.venv\lib\site-packages\sqlalchemy\orm\session.py", line 3021, in _autoflush
    raise e.with_traceback(sys.exc_info()[2])
  File "C:\Users\Mahid\OneDrive\Desktop\pcl\.venv\lib\site-packages\sqlalchemy\orm\session.py", line 3010, in _autoflush
    self.flush()
  File "C:\Users\Mahid\OneDrive\Desktop\pcl\.venv\lib\site-packages\sqlalchemy\orm\session.py", line 4312, in flush
    self._flush(objects)
  File "C:\Users\Mahid\OneDrive\Desktop\pcl\.venv\lib\site-packages\sqlalchemy\orm\session.py", line 4447, in _flush
    with util.safe_reraise():
  File "C:\Users\Mahid\OneDrive\Desktop\pcl\.venv\lib\site-packages\sqlalchemy\util\langhelpers.py", line 146, in __exit__
    raise exc_value.with_traceback(exc_tb)
  File "C:\Users\Mahid\OneDrive\Desktop\pcl\.venv\lib\site-packages\sqlalchemy\orm\session.py", line 4408, in _flush
    flush_context.execute()
  File "C:\Users\Mahid\OneDrive\Desktop\pcl\.venv\lib\site-packages\sqlalchemy\orm\unitofwork.py", line 466, in execute
    rec.execute(self)
  File "C:\Users\Mahid\OneDrive\Desktop\pcl\.venv\lib\site-packages\sqlalchemy\orm\unitofwork.py", line 642, in execute
    util.preloaded.orm_persistence.save_obj(
  File "C:\Users\Mahid\OneDrive\Desktop\pcl\.venv\lib\site-packages\sqlalchemy\orm\persistence.py", line 93, in save_obj
    _emit_insert_statements(
  File "C:\Users\Mahid\OneDrive\Desktop\pcl\.venv\lib\site-packages\sqlalchemy\orm\persistence.py", line 1226, in _emit_insert_statements
    result = connection.execute(
  File "C:\Users\Mahid\OneDrive\Desktop\pcl\.venv\lib\site-packages\sqlalchemy\engine\base.py", line 1416, in execute
    return meth(
  File "C:\Users\Mahid\OneDrive\Desktop\pcl\.venv\lib\site-packages\sqlalchemy\sql\elements.py", line 516, in _execute_on_connection
    return connection._execute_clauseelement(
  File "C:\Users\Mahid\OneDrive\Desktop\pcl\.venv\lib\site-packages\sqlalchemy\engine\base.py", line 1639, in _execute_clauseelement
    ret = self._execute_context(
  File "C:\Users\Mahid\OneDrive\Desktop\pcl\.venv\lib\site-packages\sqlalchemy\engine\base.py", line 1848, in _execute_context
    return self._exec_single_context(
  File "C:\Users\Mahid\OneDrive\Desktop\pcl\.venv\lib\site-packages\sqlalchemy\engine\base.py", line 1988, in _exec_single_context
    self._handle_dbapi_exception(
  File "C:\Users\Mahid\OneDrive\Desktop\pcl\.venv\lib\site-packages\sqlalchemy\engine\base.py", line 2343, in _handle_dbapi_exception
    raise sqlalchemy_exception.with_traceback(exc_info[2]) from e
  File "C:\Users\Mahid\OneDrive\Desktop\pcl\.venv\lib\site-packages\sqlalchemy\engine\base.py", line 1969, in _exec_single_context
    self.dialect.do_execute(
  File "C:\Users\Mahid\OneDrive\Desktop\pcl\.venv\lib\site-packages\sqlalchemy\engine\default.py", line 922, in do_execute
    cursor.execute(statement, parameters)
sqlalchemy.exc.IntegrityError: (raised as a result of Query-invoked autoflush; consider using a session.no_autoflush block if this flush is occurring prematurely)
(sqlite3.IntegrityError) UNIQUE constraint failed: categories.name
[SQL: INSERT INTO categories (name, slug, description, icon, image) VALUES (?, ?, ?, ?, ?)]
[parameters: ('Undergraduate', 'UG', None, None, None)]
(Background on this error at: https://sqlalche.me/e/20/gkpj)
2026-04-12 16:22:56,296 - INFO - [__main__] - ============================================================
2026-04-12 16:22:56,296 - INFO - [__main__] - DUSTY SHELF - BOOK INGESTION SYSTEM
2026-04-12 16:22:56,296 - INFO - [__main__] - ============================================================
2026-04-12 16:22:56,296 - INFO - [__main__] - Clearing existing books...
2026-04-12 16:22:56,309 - INFO - [__main__] - Creating categories...
2026-04-12 16:22:56,317 - INFO - [__main__] - Categories ready
2026-04-12 16:22:56,317 - INFO - [__main__] - 
? Processing Undergraduate...
2026-04-12 16:22:56,317 - INFO - [__main__] -   š Searching: C Programming
2026-04-12 16:22:57,666 - INFO - [__main__] -   Found 5 books
2026-04-12 16:22:57,676 - INFO - [__main__] -     ā? Added: The C Programming Language
2026-04-12 16:22:57,683 - INFO - [__main__] -     ā? Added: The C++ programming language
2026-04-12 16:22:57,686 - INFO - [__main__] -     ā? Added: C programming
2026-04-12 16:22:57,689 - INFO - [__main__] -     ā? Added: Let us C
2026-04-12 16:22:57,689 - INFO - [__main__] -     ā? Added: The Voyage of the Dawn Treader
2026-04-12 16:22:58,694 - INFO - [__main__] -   š Searching: C++ Programming
2026-04-12 16:22:59,754 - INFO - [__main__] -   Found 5 books
2026-04-12 16:23:00,773 - INFO - [__main__] -   š Searching: Python for Beginners
2026-04-12 16:23:02,096 - INFO - [__main__] -   Found 5 books
2026-04-12 16:23:02,096 - INFO - [__main__] -     ā? Added: Python
2026-04-12 16:23:02,101 - INFO - [__main__] -     ā? Added: PYTHON for Beginners
2026-04-12 16:23:02,103 - INFO - [__main__] -     ā? Added: Python for Beginners
2026-04-12 16:23:02,106 - INFO - [__main__] -     ā? Added: Python for Beginners
2026-04-12 16:23:02,110 - INFO - [__main__] -     ā? Added: Python for BEGINNERS
2026-04-12 16:23:03,123 - INFO - [__main__] -   š Searching: Java Programming
2026-04-12 16:23:04,736 - INFO - [__main__] -   Found 5 books
2026-04-12 16:23:04,742 - INFO - [__main__] -     ā? Added: Introduction to Java Programming
2026-04-12 16:23:04,742 - INFO - [__main__] -     ā? Added: Java Programming
2026-04-12 16:23:04,746 - INFO - [__main__] -     ā? Added: Java
2026-04-12 16:23:04,746 - INFO - [__main__] -     ā? Added: Effective Java
2026-04-12 16:23:04,750 - INFO - [__main__] -     ā? Added: Java programming
2026-04-12 16:23:05,758 - INFO - [__main__] -   š Searching: Data Structures
2026-04-12 16:23:08,108 - INFO - [__main__] -   Found 5 books
2026-04-12 16:23:08,108 - INFO - [__main__] -     ā? Added: Data Structures and Algorithms Made Easy
2026-04-12 16:23:08,117 - INFO - [__main__] -     ā? Added: Schaum's outline of theory and problems of data structures
2026-04-12 16:23:08,118 - INFO - [__main__] -     ā? Added: Fundamentals of data structures in C
2026-04-12 16:23:08,120 - INFO - [__main__] -     ā? Added: Data structures and algorithms
2026-04-12 16:23:08,122 - INFO - [__main__] -     ā? Added:  Fundamentals of Data Structures in C++ 2nd Edition
2026-04-12 16:23:09,124 - INFO - [__main__] -   š Searching: Web Development
2026-04-12 16:23:10,832 - INFO - [__main__] -   Found 5 books
2026-04-12 16:23:10,832 - INFO - [__main__] -     ā? Added: Web development
2026-04-12 16:23:10,837 - INFO - [__main__] -     ā? Added: JavaScript and jQuery
2026-04-12 16:23:10,837 - INFO - [__main__] -     ā? Added: PHP & MySQL
2026-04-12 16:23:10,843 - INFO - [__main__] -     ā? Added: Management information systems
2026-04-12 16:23:10,845 - INFO - [__main__] -     ā? Added: Understanding web development
2026-04-12 16:23:11,847 - INFO - [__main__] -   š Searching: Database Design
2026-04-12 16:23:14,959 - INFO - [__main__] -   Found 5 books
2026-04-12 16:23:14,964 - INFO - [__main__] -     ā? Added: Database Design for Mere Mortals
2026-04-12 16:23:14,967 - INFO - [__main__] -     ā? Added: Poems by John Keats
2026-04-12 16:23:14,967 - INFO - [__main__] -     ā? Added: Database design
2026-04-12 16:23:14,967 - INFO - [__main__] -     ā? Added: NASA/DoD aerospace knowledge diffusion research project
2026-04-12 16:23:14,975 - INFO - [__main__] -     ā? Added: Database design and implementation
2026-04-12 16:23:15,977 - INFO - [__main__] -   š Searching: Algorithms
2026-04-12 16:23:16,857 - INFO - [__main__] -   Found 5 books
2026-04-12 16:23:16,860 - INFO - [__main__] -     ā? Added: Introduction to Algorithms
2026-04-12 16:23:16,860 - INFO - [__main__] -     ā? Added: Advances in Computers, Volume 49 (Advances in Computers)
2026-04-12 16:23:16,860 - INFO - [__main__] -     ā? Added: Prey
2026-04-12 16:23:16,867 - INFO - [__main__] -     ā? Added: Algorithms to Live By
2026-04-12 16:23:17,875 - INFO - [__main__] -   š Searching: Operating Systems
2026-04-12 16:23:18,970 - INFO - [__main__] -   Found 5 books
2026-04-12 16:23:18,975 - INFO - [__main__] -     ā? Added: Operating System Concepts
2026-04-12 16:23:18,977 - INFO - [__main__] -     ā? Added: Modern Operating Systems
2026-04-12 16:23:18,977 - INFO - [__main__] -     ā? Added: Operating systems
2026-04-12 16:23:18,977 - INFO - [__main__] -     ā? Added: Advanced concepts in operating systems
2026-04-12 16:23:18,983 - INFO - [__main__] -     ā? Added: Operating systems
2026-04-12 16:23:19,997 - INFO - [__main__] -   š Searching: Computer Networks
2026-04-12 16:23:21,648 - INFO - [__main__] -   Found 5 books
2026-04-12 16:23:21,652 - INFO - [__main__] -     ā? Added: Computer Networks
2026-04-12 16:23:21,652 - INFO - [__main__] -     ā? Added: Computer networking
2026-04-12 16:23:21,658 - INFO - [__main__] -     ā? Added: Data communications, computer networks, and open systems
2026-04-12 16:23:21,660 - INFO - [__main__] -     ā? Added: Computer networks
2026-04-12 16:23:21,662 - INFO - [__main__] -     ā? Added: Computer Networking
2026-04-12 16:23:22,674 - INFO - [__main__] -   š Searching: Software Engineering
2026-04-12 16:23:27,409 - INFO - [__main__] -   Found 5 books
2026-04-12 16:23:27,413 - INFO - [__main__] -     ā? Added: Software Engineering
2026-04-12 16:23:27,417 - INFO - [__main__] -     ā? Added: Software engineering
2026-04-12 16:23:27,417 - INFO - [__main__] -     ā? Added: Software engineering
2026-04-12 16:23:27,421 - INFO - [__main__] -     ā? Added: The Mythical Man-Month
2026-04-12 16:23:27,423 - INFO - [__main__] -     ā? Added: Object-Oriented Software Engineering
2026-04-12 16:23:28,427 - INFO - [__main__] -   š Searching: Cloud Computing
2026-04-12 16:23:29,359 - INFO - [__main__] -   Found 5 books
2026-04-12 16:23:29,362 - INFO - [__main__] -     ā? Added: Cloud Computing
2026-04-12 16:23:29,367 - INFO - [__main__] -     š¾ Committed 50 books so far
2026-04-12 16:23:29,367 - INFO - [__main__] -     ā? Added: Cloud computing
2026-04-12 16:23:29,379 - INFO - [__main__] -     ā? Added: Cloud Computing
2026-04-12 16:23:29,379 - INFO - [__main__] -     ā? Added: Cloud Computing
2026-04-12 16:23:29,383 - INFO - [__main__] -     ā? Added: Cloud computing
2026-04-12 16:23:30,387 - INFO - [__main__] -   š Searching: Machine Learning
2026-04-12 16:23:31,797 - INFO - [__main__] -   Found 5 books
2026-04-12 16:23:31,801 - INFO - [__main__] -     ā? Added: Why Machines Learn
2026-04-12 16:23:31,801 - INFO - [__main__] -     ā? Added: The Time Machine
2026-04-12 16:23:31,807 - INFO - [__main__] -     ā? Added: Machine learning
2026-04-12 16:23:31,826 - INFO - [__main__] -     ā? Added: Introduction to Machine Learning with Python
2026-04-12 16:23:31,828 - INFO - [__main__] -     ā? Added: Machine learning
2026-04-12 16:23:32,829 - INFO - [__main__] -   š Searching: Artificial Intelligence
2026-04-12 16:23:34,877 - INFO - [__main__] -   Found 5 books
2026-04-12 16:23:34,877 - INFO - [__main__] -     ā? Added: Artificial intelligence
2026-04-12 16:23:34,887 - INFO - [__main__] -     ā? Added: Artificial intelligence
2026-04-12 16:23:34,887 - INFO - [__main__] -     ā? Added: Artificial intelligence
2026-04-12 16:23:34,887 - INFO - [__main__] -     ā? Added: Artificial Intelligence and Intelligent Systems
2026-04-12 16:23:34,894 - INFO - [__main__] -     ā? Added: Artificial Intelligence and Soft Computing
2026-04-12 16:23:35,901 - INFO - [__main__] -   Undergraduate: +64 books
2026-04-12 16:23:35,901 - INFO - [__main__] - 
? Processing Postgraduate...
2026-04-12 16:23:35,901 - INFO - [__main__] -   š Searching: Advanced Java
2026-04-12 16:23:36,722 - INFO - [__main__] -   Found 5 books
2026-04-12 16:23:36,725 - INFO - [__main__] -     ā? Added: Late night advanced Java
2026-04-12 16:23:36,727 - INFO - [__main__] -     ā? Added: Advanced Java
2026-04-12 16:23:36,729 - INFO - [__main__] -     ā? Added: Java
2026-04-12 16:23:36,729 - INFO - [__main__] -     ā? Added: Advanced Java
2026-04-12 16:23:36,735 - INFO - [__main__] -     ā? Added: Advanced Java networking
2026-04-12 16:23:37,743 - INFO - [__main__] -   š Searching: Distributed Systems
2026-04-12 16:23:39,233 - INFO - [__main__] -   Found 5 books
2026-04-12 16:23:39,237 - INFO - [__main__] -     ā? Added: Distributed Systems
2026-04-12 16:23:39,239 - INFO - [__main__] -     ā? Added: The Wealth of Nations
2026-04-12 16:23:39,239 - INFO - [__main__] -     ā? Added: La conquête du pain
2026-04-12 16:23:39,245 - INFO - [__main__] -     ā? Added: Jane Eyre
2026-04-12 16:23:40,257 - INFO - [__main__] -   š Searching: Cryptography
2026-04-12 16:23:47,962 - INFO - [__main__] -   Found 5 books
2026-04-12 16:23:47,964 - INFO - [__main__] -     ā? Added: The Da Vinci Code
2026-04-12 16:23:47,967 - INFO - [__main__] -     ā? Added: Inferno
2026-04-12 16:23:47,967 - INFO - [__main__] -     ā? Added: The Code Book
2026-04-12 16:23:47,973 - INFO - [__main__] -     ā? Added: Cryptonomicon
2026-04-12 16:23:48,975 - INFO - [__main__] -   š Searching: Compiler Design
2026-04-12 16:23:53,515 - INFO - [__main__] -   Found 5 books
2026-04-12 16:23:53,518 - INFO - [__main__] -     ā? Added: Othello
2026-04-12 16:23:53,518 - INFO - [__main__] -     ā? Added: English grammar
2026-04-12 16:23:53,523 - INFO - [__main__] -     ā? Added: Julius Caesar
2026-04-12 16:23:53,527 - INFO - [__main__] -     ā? Added: King Lear
2026-04-12 16:23:53,528 - INFO - [__main__] -     ā? Added: The Tempest
2026-04-12 16:23:54,538 - INFO - [__main__] -   š Searching: Advanced Algorithms
2026-04-12 16:23:55,471 - INFO - [__main__] -   Found 5 books
2026-04-12 16:23:55,478 - INFO - [__main__] -     ā? Added: Advanced algorithms and operators
2026-04-12 16:23:55,479 - INFO - [__main__] -     ā? Added: Advanced Algorithms and Data Structures
2026-04-12 16:23:55,479 - INFO - [__main__] -     ā? Added: Advanced algorithms for neural networks
2026-04-12 16:23:56,481 - INFO - [__main__] -   š Searching: Optimization Techniques
2026-04-12 16:23:57,665 - INFO - [__main__] -   Found 5 books
2026-04-12 16:23:57,668 - INFO - [__main__] -     ā? Added: Optimization techniques
2026-04-12 16:23:57,668 - INFO - [__main__] -     ā? Added: Optimization techniques
2026-04-12 16:23:57,673 - INFO - [__main__] -     ā? Added: The science of getting rich, or, financial success through creative thought
2026-04-12 16:23:57,673 - INFO - [__main__] -     ā? Added: Mathematical optimization techniques
2026-04-12 16:23:58,676 - INFO - [__main__] -   š Searching: Big Data Processing
2026-04-12 16:23:59,568 - INFO - [__main__] -   Found 5 books
2026-04-12 16:23:59,568 - INFO - [__main__] -     ā? Added: Big Data Processing - Computational Solutions for Robust Performance
2026-04-12 16:23:59,568 - INFO - [__main__] -     ā? Added: Hadoop Big Data Processing
2026-04-12 16:23:59,568 - INFO - [__main__] -     ā? Added: Big Data Processing with Hadoop
2026-04-12 16:23:59,578 - INFO - [__main__] -     ā? Added: Knowledge Graphs and Big Data Processing
2026-04-12 16:23:59,578 - INFO - [__main__] -     ā? Added: Soft Computing in Big Data Processing
2026-04-12 16:24:00,588 - INFO - [__main__] -   š Searching: Deep Learning
2026-04-12 16:24:01,969 - INFO - [__main__] -   Found 5 books
2026-04-12 16:24:01,974 - INFO - [__main__] -     ā? Added: Deep Learning
2026-04-12 16:24:01,978 - INFO - [__main__] -     ā? Added: Three Men in a Boat (to say nothing of the dog)
2026-04-12 16:24:01,978 - INFO - [__main__] -     ā? Added: The Lion, the Witch and the Wardrobe
2026-04-12 16:24:01,982 - INFO - [__main__] -     ā? Added: The Two Towers
2026-04-12 16:24:01,982 - INFO - [__main__] -     ā? Added: Adventures of Huckleberry Finn
2026-04-12 16:24:02,996 - INFO - [__main__] -   š Searching: Natural Language Processing
2026-04-12 16:24:04,209 - INFO - [__main__] -   Found 5 books
2026-04-12 16:24:04,215 - INFO - [__main__] -     ā? Added: Natural language processing and information retrieval
2026-04-12 16:24:04,221 - INFO - [__main__] -     š¾ Committed 100 books so far
2026-04-12 16:24:04,223 - INFO - [__main__] -     ā? Added: Natural language processing
2026-04-12 16:24:04,230 - INFO - [__main__] -     ā? Added: Natural language processing
2026-04-12 16:24:04,234 - INFO - [__main__] -     ā? Added: Readings in natural language processing
2026-04-12 16:24:04,234 - INFO - [__main__] -     ā? Added: Introduction to natural language processing
2026-04-12 16:24:05,250 - INFO - [__main__] -   š Searching: Computer Vision
2026-04-12 16:24:06,192 - INFO - [__main__] -   Found 5 books
2026-04-12 16:24:06,193 - INFO - [__main__] -     ā? Added: Computer Vision - ECCV 2024
2026-04-12 16:24:06,196 - INFO - [__main__] -     ā? Added: Computer vision
2026-04-12 16:24:06,200 - INFO - [__main__] -     ā? Added: A Christmas Carol
2026-04-12 16:24:06,202 - INFO - [__main__] -     ā? Added: Computer vision
2026-04-12 16:24:06,202 - INFO - [__main__] -     ā? Added: Computer vision
2026-04-12 16:24:07,207 - INFO - [__main__] -   Postgraduate: +45 books
2026-04-12 16:24:07,208 - INFO - [__main__] - 
? Processing Commerce...
2026-04-12 16:24:07,208 - INFO - [__main__] -   š Searching: Financial Accounting
2026-04-12 16:24:09,014 - INFO - [__main__] -   Found 5 books
2026-04-12 16:24:09,019 - INFO - [__main__] -     ā? Added: Financial Accounting
2026-04-12 16:24:09,022 - INFO - [__main__] -     ā? Added: Financial Management
2026-04-12 16:24:09,022 - INFO - [__main__] -     ā? Added: Introduction to financial accounting
2026-04-12 16:24:09,030 - INFO - [__main__] -     ā? Added: Financial audit
2026-04-12 16:24:09,033 - INFO - [__main__] -     ā? Added: Мастер и Маргарита
2026-04-12 16:24:10,044 - INFO - [__main__] -   š Searching: Business Management
2026-04-12 16:24:12,138 - INFO - [__main__] -   Found 5 books
2026-04-12 16:24:12,144 - INFO - [__main__] -     ā? Added: Effective small business management
2026-04-12 16:24:12,148 - INFO - [__main__] -     ā? Added: Small business management
2026-04-12 16:24:12,152 - INFO - [__main__] -     ā? Added: The Boy in the Striped Pyjamas
2026-04-12 16:24:13,155 - INFO - [__main__] -   š Searching: Economics
2026-04-12 16:24:15,271 - INFO - [__main__] -   Found 5 books
2026-04-12 16:24:15,271 - INFO - [__main__] -     ā? Added: Bundle
2026-04-12 16:24:15,276 - INFO - [__main__] -     ā? Added: A Modern Utopia
2026-04-12 16:24:15,281 - INFO - [__main__] -     ā? Added: Économie internationale
2026-04-12 16:24:15,283 - INFO - [__main__] -     ā? Added: Ethan Frome
2026-04-12 16:24:16,294 - INFO - [__main__] -   š Searching: Finance
2026-04-12 16:24:17,739 - INFO - [__main__] -   Found 5 books
2026-04-12 16:24:17,743 - INFO - [__main__] -     ā? Added: Laws, etc
2026-04-12 16:24:17,749 - INFO - [__main__] -     ā? Added: Tax administration
2026-04-12 16:24:17,751 - INFO - [__main__] -     ā? Added: The art of money getting, or, Golden rules for money getting
2026-04-12 16:24:17,751 - INFO - [__main__] -     ā? Added: The Richest Man in Babylon
2026-04-12 16:24:18,764 - INFO - [__main__] -   š Searching: Marketing Strategies
2026-04-12 16:24:21,705 - INFO - [__main__] -   Found 5 books
2026-04-12 16:24:21,708 - INFO - [__main__] -     ā? Added: Digital marketing strategy
2026-04-12 16:24:21,708 - INFO - [__main__] -     ā? Added: Digital Marketing
2026-04-12 16:24:21,714 - INFO - [__main__] -     ā? Added: Principles of marketing
2026-04-12 16:24:21,718 - INFO - [__main__] -     ā? Added: Consumer behavior
2026-04-12 16:24:21,722 - INFO - [__main__] -     ā? Added: Ender's Game
2026-04-12 16:24:22,726 - INFO - [__main__] -   š Searching: Organizational Behavior
2026-04-12 16:24:24,195 - INFO - [__main__] -   Found 5 books
2026-04-12 16:24:24,197 - INFO - [__main__] -     ā? Added: Organizational Behavior
2026-04-12 16:24:24,199 - INFO - [__main__] -     ā? Added: Management of organizational behavior
2026-04-12 16:24:24,199 - INFO - [__main__] -     ā? Added: Organizational behavior
2026-04-12 16:24:24,205 - INFO - [__main__] -     ā? Added: Essentials of Organizational Behavior
2026-04-12 16:24:24,205 - INFO - [__main__] -     ā? Added: Organizational behavior
2026-04-12 16:24:25,218 - INFO - [__main__] -   Commerce: +26 books
2026-04-12 16:24:25,219 - INFO - [__main__] - 
? Processing Mythology...
2026-04-12 16:24:25,219 - INFO - [__main__] -   š Searching: Mahabharata
2026-04-12 16:24:25,979 - INFO - [__main__] -   Found 5 books
2026-04-12 16:24:25,983 - INFO - [__main__] -     ā? Added: Ramayana, a Holy Bible of India
2026-04-12 16:24:25,983 - INFO - [__main__] -     ā? Added: The Abhijñānaśākuntalam of Kālidāsa
2026-04-12 16:24:25,983 - INFO - [__main__] -     ā? Added: Indian philosophy
2026-04-12 16:24:25,989 - INFO - [__main__] -     ā? Added: Bhagavad-Gita
2026-04-12 16:24:25,989 - INFO - [__main__] -     ā? Added: Jaya
2026-04-12 16:24:26,993 - INFO - [__main__] -   š Searching: Ramayana
2026-04-12 16:24:28,534 - INFO - [__main__] -   Found 5 books
2026-04-12 16:24:28,539 - INFO - [__main__] -     ā? Added: Study Guide
2026-04-12 16:24:28,542 - INFO - [__main__] -     ā? Added: The Ramayana
2026-04-12 16:24:28,542 - INFO - [__main__] -     ā? Added: Ramayana
2026-04-12 16:24:28,542 - INFO - [__main__] -     ā? Added: World mythology
2026-04-12 16:24:29,543 - INFO - [__main__] -   š Searching: Greek Mythology
2026-04-12 16:24:33,413 - INFO - [__main__] -   Found 5 books
2026-04-12 16:24:33,417 - INFO - [__main__] -     ā? Added: Greek mythology
2026-04-12 16:24:33,421 - INFO - [__main__] -     ā? Added: The Complete World of Greek Mythology
2026-04-12 16:24:33,421 - INFO - [__main__] -     ā? Added: Medusa Coloring Book
2026-04-12 16:24:33,428 - INFO - [__main__] -     ā? Added: Greek Mythology Coloring Book for Kids
2026-04-12 16:24:34,439 - INFO - [__main__] -   š Searching: Norse Mythology
2026-04-12 16:24:37,789 - INFO - [__main__] -   Found 5 books
2026-04-12 16:24:37,789 - INFO - [__main__] -     ā? Added: Norse Mythology
2026-04-12 16:24:37,793 - INFO - [__main__] -     ā? Added: Norse Mythology
2026-04-12 16:24:37,804 - INFO - [__main__] -     š¾ Committed 150 books so far
2026-04-12 16:24:37,804 - INFO - [__main__] -     ā? Added: Norse Mythology
2026-04-12 16:24:37,818 - INFO - [__main__] -     ā? Added: Norse Mythology
2026-04-12 16:24:38,829 - INFO - [__main__] -   š Searching: Religious Texts
2026-04-12 16:24:42,089 - INFO - [__main__] -   Found 5 books
2026-04-12 16:24:42,092 - INFO - [__main__] -     ā? Added: The Varieties of Religious Experience
2026-04-12 16:24:42,095 - INFO - [__main__] -     ā? Added: Die protestantische Ethik und der Geist des Kapitalismus
2026-04-12 16:24:42,103 - INFO - [__main__] -     ā? Added: Συμπόσιον
2026-04-12 16:24:42,105 - INFO - [__main__] -     ā? Added: Jenseits von Gut und Böse
2026-04-12 16:24:42,110 - INFO - [__main__] -     ā? Added: Confessions
2026-04-12 16:24:43,112 - INFO - [__main__] -   Mythology: +22 books
2026-04-12 16:24:43,112 - INFO - [__main__] - 
? Processing Fiction...
2026-04-12 16:24:43,112 - INFO - [__main__] -   š Searching: Science Fiction
2026-04-12 16:24:45,574 - INFO - [__main__] -   Found 5 books
2026-04-12 16:24:45,583 - INFO - [__main__] -     ā? Added: The Science Fiction Hall of Fame -- Volume One
2026-04-12 16:24:45,583 - INFO - [__main__] -     ā? Added: Foundation
2026-04-12 16:24:45,583 - INFO - [__main__] -     ā? Added: Stranger in a Strange Land
2026-04-12 16:24:45,591 - INFO - [__main__] -     ā? Added: The Illustrated Man
2026-04-12 16:24:45,591 - INFO - [__main__] -     ā? Added: The Last Man
2026-04-12 16:24:46,599 - INFO - [__main__] -   š Searching: Fantasy
2026-04-12 16:24:47,949 - INFO - [__main__] -   Found 5 books
2026-04-12 16:24:47,954 - INFO - [__main__] -     ā? Added: Lilith
2026-04-12 16:24:47,954 - INFO - [__main__] -     ā? Added: The Sea Fairies
2026-04-12 16:24:47,954 - INFO - [__main__] -     ā? Added: The Phoenix and the Carpet
2026-04-12 16:24:47,963 - INFO - [__main__] -     ā? Added: The Enchanted Castle
2026-04-12 16:24:47,967 - INFO - [__main__] -     ā? Added: Phantastes
2026-04-12 16:24:48,967 - INFO - [__main__] -   š Searching: Mystery Thriller
2026-04-12 16:24:50,194 - INFO - [__main__] -   Found 5 books
2026-04-12 16:24:50,194 - INFO - [__main__] -     ā? Added: The Mysterious Affair at Styles
2026-04-12 16:24:50,203 - INFO - [__main__] -     ā? Added: The Mystery of the Blue Train
2026-04-12 16:24:50,203 - INFO - [__main__] -     ā? Added: The Sittaford Mystery
2026-04-12 16:24:50,203 - INFO - [__main__] -     ā? Added: Death on the Nile
2026-04-12 16:24:50,203 - INFO - [__main__] -     ā? Added: Whose Body?
2026-04-12 16:24:51,206 - INFO - [__main__] -   š Searching: Romance
2026-04-12 16:24:55,490 - INFO - [__main__] -   Found 5 books
2026-04-12 16:24:55,490 - INFO - [__main__] -     ā? Added: The Blithedale Romance
2026-04-12 16:24:55,490 - INFO - [__main__] -     ā? Added: Flatland
2026-04-12 16:24:55,498 - INFO - [__main__] -     ā? Added: Pygmalion
2026-04-12 16:24:56,505 - INFO - [__main__] -   š Searching: Historical Fiction
2026-04-12 16:25:00,465 - INFO - [__main__] -   Found 5 books
2026-04-12 16:25:00,469 - INFO - [__main__] -     ā? Added: Men of Iron
2026-04-12 16:25:00,474 - INFO - [__main__] -     ā? Added: The Awakening
2026-04-12 16:25:00,476 - INFO - [__main__] -     ā? Added: Emma
2026-04-12 16:25:00,478 - INFO - [__main__] -     ā? Added: The Sign of Four
2026-04-12 16:25:01,485 - INFO - [__main__] -   š Searching: Adventure Stories
2026-04-12 16:25:05,585 - INFO - [__main__] -   Found 5 books
2026-04-12 16:25:05,588 - INFO - [__main__] -     ā? Added: The Adventures of Sherlock Holmes [12 stories]
2026-04-12 16:25:05,588 - INFO - [__main__] -     ā? Added: The Story of Doctor Dolittle
2026-04-12 16:25:05,588 - INFO - [__main__] -     ā? Added: The Complete Life and Adventures of Santa Claus
2026-04-12 16:25:05,595 - INFO - [__main__] -     ā? Added: Alice's Adventures in Wonderland
2026-04-12 16:25:06,606 - INFO - [__main__] -   š Searching: Contemporary Fiction
2026-04-12 16:25:11,890 - INFO - [__main__] -   Found 5 books
2026-04-12 16:25:11,890 - INFO - [__main__] -     ā? Added: Beloved
2026-04-12 16:25:11,898 - INFO - [__main__] -     ā? Added: Dracula
2026-04-12 16:25:11,900 - INFO - [__main__] -     ā? Added: The Secret Agent
2026-04-12 16:25:11,900 - INFO - [__main__] -     ā? Added: Salomé
2026-04-12 16:25:12,902 - INFO - [__main__] -   Fiction: +30 books
2026-04-12 16:25:12,911 - INFO - [__main__] - 
? Final commit complete
2026-04-12 16:25:12,916 - INFO - [__main__] - 
============================================================
2026-04-12 16:25:12,919 - INFO - [__main__] - āœļø INGESTION COMPLETE!
2026-04-12 16:25:12,919 - INFO - [__main__] - Total books in database: 187
2026-04-12 16:25:12,919 - INFO - [__main__] - ============================================================
